SKU,Section,2018-11 Units,2018-11 Gross Sales,2018-12 Units,2018-12 Gross Sales,2019-1 Units,2019-1 Gross Sales,2019-2 Units,2019-2 Gross Sales,2019-3 Units,2019-3 Gross Sales,2019-4 Units,2019-4 Gross Sales
1009966,International,818,1595.1,834,1626.3,876,1708.2,867,1690.6499999999999,910,1774.5,910,1774.5
1023132,Produce,200,3397.9999999999995,194,3296.0599999999995,198,3364.0199999999995,194,3296.0599999999995,202,3431.9799999999996,206,3499.9399999999996
1028684,Freezer,447,8381.25,465,8718.75,479,8981.25,503,9431.25,518,9712.5,544,10200
1041002,Produce,539,8618.61,523,8362.77,539,8618.61,528,8442.72,549,8778.51,554,8858.460000000001
1049745,International,502,7504.9,522,7803.9,517,7729.15,501,7489.95,526,7863.7,510,7624.5
1053821,Sodas and Drinks,220,3520,213,3408,209,3344,217,3472,217,3472,213,3408
1055295,Freezer,739,9570.05,732,9479.4,754,9764.3,777,10062.15,777,10062.15,754,9764.3
1077514,Freezer,141,280.59,142,282.58,139,276.61,142,282.58,142,282.58,138,274.62
1077848,Sodas and Drinks,422,5464.9,443,5736.849999999999,434,5620.299999999999,434,5620.299999999999,438,5672.099999999999,425,5503.75
1091200,Refrigerated,511,1533,506,1518,501,1503,496,1488,521,1563,511,1533
1095347,Canned Goods,331,2317,334,2338,327,2289,324,2268,334,2338,337,2359
1106193,Canned Goods,372,930,379,947.5,375,937.5,364,910,353,882.5,364,910
1114726,Refrigerated,159,3178.41,167,3338.33,170,3398.2999999999997,167,3338.33,172,3438.2799999999997,181,3618.1899999999996
1131448,Sodas and Drinks,634,8717.5,640,8800,653,8978.75,686,9432.5,700,9625,707,9721.25
1135408,Refrigerated,829,5761.55,821,5705.95,796,5532.2,812,5643.400000000001,836,5810.2,811,5636.45
1140978,Produce,88,699.6,87,691.65,88,699.6,90,715.5,94,747.3000000000001,96,763.2
1144870,Sodas and Drinks,267,531.33,259,515.41,256,509.44,266,529.34,269,535.31,282,561.18
1144871,Baby,656,6396,649,6327.75,630,6142.5,636,6201,642,6259.5,668,6513
1145972,Produce,308,2140.6,320,2224,330,2293.5,320,2224,310,2154.5,310,2154.5
1148283,Freezer,824,7004,799,6791.5,823,6995.5,839,7131.5,839,7131.5,831,7063.5
1150334,Dairy,383,5741.17,379,5681.21,371,5561.29,386,5786.14,390,5846.1,386,5786.14
1153124,Produce,115,2127.5,117,2164.5,117,2164.5,123,2275.5,128,2368,132,2442
1161355,Sodas and Drinks,744,7432.56,729,7282.71,722,7212.78,729,7282.71,722,7212.78,758,7572.42
1171011,Baby,912,15494.88,885,15036.149999999998,876,14883.239999999998,858,14577.419999999998,849,14424.509999999998,849,14424.509999999998
1174535,Freezer,345,4812.75,342,4770.9,356,4966.2,349,4868.55,339,4729.05,336,4687.2
1176571,Sodas and Drinks,59,412.41,58,405.42,59,412.41,61,426.39,62,433.38,62,433.38
1196912,Snacks,244,1220,244,1220,256,1280,259,1295,259,1295,269,1345
1198427,Canned Goods,60,119.4,59,117.41,60,119.4,61,121.39,59,117.41,57,113.42999999999999
1219313,Canned Goods,414,7447.86,410,7375.9,422,7591.78,414,7447.86,402,7231.98,410,7375.9
1220432,Refrigerated,525,5775,525,5775,525,5775,536,5896,541,5951,530,5830
1249626,International,116,1970.84,119,2021.8099999999997,118,2004.8199999999997,119,2021.8099999999997,118,2004.8199999999997,117,1987.83
1252891,International,991,2963.09,1001,2992.9900000000002,1051,3142.4900000000002,1062,3175.38,1041,3112.59,1010,3019.9
1259488,Refrigerated,31,494.45,30,478.5,30,478.5,30,478.5,29,462.54999999999995,28,446.59999999999997
1259760,Produce,550,10175,561,10378.5,544,10064,566,10471,555,10267.5,572,10582
1260610,Produce,250,1000,253,1012,256,1024,264,1056,272,1088,269,1076
1266828,Canned Goods,331,248.25,344,258,358,268.5,354,265.5,368,276,383,287.25
1268010,Produce,887,13970.25,896,14112,896,14112,869,13686.75,852,13419,895,14096.25
1301634,Produce,18,71.82000000000001,18,71.82000000000001,18,71.82000000000001,17,67.83,18,71.82000000000001,17,67.83
1318095,Refrigerated,177,3354.15,172,3259.4,175,3316.25,173,3278.35,175,3316.25,177,3354.15
1339176,Produce,683,10921.17,676,10809.24,683,10921.17,669,10697.31,696,11129.04,682,10905.18
1353962,Dairy,999,15484.5,969,15019.5,1008,15624,1008,15624,1038,16089,1007,15608.5
1354909,Produce,399,7980,403,8060,415,8300,415,8300,415,8300,415,8300
1362201,Sodas and Drinks,804,2371.8,836,2466.2000000000003,869,2563.55,860,2537,869,2563.55,886,2613.7000000000003
1371397,Refrigerated,606,4545,606,4545,600,4500,624,4680,636,4770,623,4672.5
1393300,Produce,444,5767.56,440,5715.6,444,5767.56,435,5650.650000000001,452,5871.4800000000005,438,5689.62
1402988,Freezer,68,544,67,536,70,560,70,560,69,552,70,560
1405230,Baby,313,4303.75,304,4180,295,4056.25,298,4097.5,292,4015,295,4056.25
1443005,Freezer,832,3286.4,832,3286.4,832,3286.4,857,3385.15,883,3487.8500000000004,865,3416.75
1445238,Produce,270,4306.5,273,4354.349999999999,270,4306.5,270,4306.5,270,4306.5,275,4386.25
1461287,Freezer,424,7610.799999999999,424,7610.799999999999,428,7682.599999999999,437,7844.15,424,7610.799999999999,445,7987.75
1462685,International,846,9297.54,871,9572.29,906,9956.94,933,10253.67,924,10154.76,961,10561.39
1464420,Produce,14,164.5,14,164.5,14,164.5,15,176.25,15,176.25,15,176.25
1487498,Produce,505,8579.949999999999,490,8325.099999999999,505,8579.949999999999,510,8664.9,525,8919.75,546,9276.539999999999
1493993,Produce,134,1070.66,138,1102.6200000000001,144,1150.56,151,1206.49,157,1254.43,157,1254.43
1495122,Baby,524,2069.8,508,2006.6000000000001,508,2006.6000000000001,518,2046.1000000000001,539,2129.05,550,2172.5
1534029,Produce,318,6038.82,334,6342.66,327,6209.73,343,6513.57,353,6703.469999999999,349,6627.509999999999
1546680,Refrigerated,294,1173.0600000000002,297,1185.03,294,1173.0600000000002,303,1208.97,303,1208.97,294,1173.0600000000002
1546910,Dairy,445,7453.75,467,7822.25,462,7738.5,480,8040,490,8207.5,475,7956.25
1557712,International,197,394,197,394,197,394,191,382,191,382,197,394
1580194,Produce,999,11988,1039,12468,1070,12840,1049,12588,1059,12708,1048,12576
1585547,Snacks,487,462.65,502,476.9,522,495.9,512,486.4,507,481.65,497,472.15
1597890,Baby,163,976.37,168,1006.32,166,994.34,166,994.34,169,1012.3100000000001,174,1042.26
1602752,Canned Goods,663,3971.3700000000003,656,3929.44,682,4085.1800000000003,668,4001.32,695,4163.05,695,4163.05
1620182,Produce,200,3790,196,3714.2,194,3676.2999999999997,194,3676.2999999999997,192,3638.3999999999996,188,3562.6
1625156,Refrigerated,965,13992.5,1013,14688.5,1043,15123.5,1043,15123.5,1033,14978.5,1002,14529
1632993,Refrigerated,121,1452,119,1428,118,1416,118,1416,114,1368,115,1380
1633759,Produce,18,359.82,18,359.82,18,359.82,18,359.82,17,339.83,18,359.82
1639784,Produce,803,16051.97,835,16691.649999999998,860,17191.399999999998,860,17191.399999999998,877,17531.23,886,17711.14
1642573,International,659,9193.05,652,9095.4,665,9276.75,645,8997.75,651,9081.449999999999,684,9541.8
1647982,Produce,595,2374.05,577,2302.23,583,2326.17,583,2326.17,571,2278.29,594,2370.06
1662442,International,711,11368.89,718,11480.82,711,11368.89,747,11944.53,732,11704.68,754,12056.460000000001
1675219,Produce,901,9000.99,901,9000.99,946,9450.54,946,9450.54,955,9540.45,993,9920.07
1678247,Produce,809,12903.55,833,13286.349999999999,808,12887.599999999999,792,12632.4,816,13015.199999999999,857,13669.15
1683989,Produce,164,647.8000000000001,171,675.45,168,663.6,166,655.7,164,647.8000000000001,169,667.5500000000001
1748177,Snacks,191,189.09,195,193.05,203,200.97,213,210.87,215,212.85,221,218.79
1748600,Dairy,538,6429.099999999999,533,6369.349999999999,544,6500.799999999999,544,6500.799999999999,544,6500.799999999999,544,6500.799999999999
1750183,International,790,4542.5,822,4726.5,830,4772.5,830,4772.5,838,4818.5,846,4864.5
1752109,Freezer,588,1146.6,588,1146.6,594,1158.3,612,1193.3999999999999,636,1240.2,649,1265.55
1759467,Canned Goods,506,500.94,526,520.74,537,531.63,558,552.42,586,580.14,592,586.08
1760788,Produce,81,1129.95,83,1157.85,85,1185.75,82,1143.8999999999999,81,1129.95,83,1157.85
1782787,Snacks,537,3732.15,526,3655.7000000000003,552,3836.4,546,3794.7000000000003,541,3759.9500000000003,563,3912.85
1799617,Dairy,894,15153.3,930,15763.5,958,16238.099999999999,939,15916.05,967,16390.649999999998,938,15899.099999999999
1809437,Canned Goods,5,9.75,5,9.75,5,9.75,5,9.75,5,9.75,5,9.75
1814724,Produce,378,1701,370,1665,389,1750.5,408,1836,404,1818,404,1818
1820948,Produce,475,0,480,0,499,0,494,0,504,0,494,0
1828816,Produce,408,7747.919999999999,396,7520.039999999999,408,7747.919999999999,416,7899.839999999999,437,8298.63,450,8545.5
1829805,Sodas and Drinks,756,9790.199999999999,779,10088.05,756,9790.199999999999,794,10282.3,834,10800.3,817,10580.15
1848659,Snacks,919,7306.05,891,7083.45,927,7369.650000000001,955,7592.25,1003,7973.85,1023,8132.85
1849092,Produce,676,3373.2400000000002,690,3443.1000000000004,697,3478.03,732,3652.6800000000003,761,3797.3900000000003,776,3872.2400000000002
1866920,Produce,215,1924.2499999999998,217,1942.1499999999999,213,1906.35,222,1986.8999999999999,226,2022.6999999999998,221,1977.9499999999998
1889590,Freezer,385,6926.15,404,7267.959999999999,392,7052.079999999999,400,7195.999999999999,392,7052.079999999999,396,7124.039999999999
1896415,Freezer,629,1258,635,1270,629,1258,635,1270,616,1232,634,1268
1919757,Produce,443,5736.849999999999,447,5788.65,434,5620.299999999999,438,5672.099999999999,442,5723.9,451,5840.45
1920202,Produce,226,2935.7400000000002,219,2844.81,223,2896.77,216,2805.84,212,2753.88,223,2896.77
1951352,Snacks,831,789.4499999999999,839,797.05,847,804.65,830,788.5,830,788.5,838,796.0999999999999
1970772,Refrigerated,575,6319.25,604,6637.96,604,6637.96,634,6967.66,621,6824.79,627,6890.7300000000005
1973052,Sodas and Drinks,414,2065.86,418,2085.82,439,2190.61,461,2300.39,447,2230.53,451,2250.4900000000002
1973097,International,321,5440.95,334,5661.3,344,5830.8,358,6068.099999999999,351,5949.45,344,5830.8
1974868,Refrigerated,910,14560,956,15296,975,15600,1014,16224,994,15904,1044,16704
1975792,Produce,441,8158.5,441,8158.5,445,8232.5,436,8066,440,8140,431,7973.5
1994555,Refrigerated,44,902,46,943,47,963.5,46,943,46,943,45,922.5
1994880,Produce,693,5537.07,686,5481.14,672,5369.28,685,5473.150000000001,678,5417.22,692,5529.08
2003567,Baby,53,900.4699999999999,52,883.4799999999999,55,934.4499999999999,57,968.43,56,951.4399999999999,56,951.4399999999999
2013567,International,618,12669,612,12546,612,12546,600,12300,612,12546,618,12669
2025633,Produce,938,6556.62,966,6752.34,976,6822.24,1025,7164.75,1035,7234.650000000001,1004,7017.96
2040417,Produce,161,3059,161,3059,164,3116,164,3116,161,3059,159,3021
2043995,Produce,251,1754.49,256,1789.44,253,1768.47,261,1824.39,271,1894.29,266,1859.3400000000001
2044979,Dairy,162,972,167,1002,167,1002,164,984,167,1002,174,1044
2045623,Sodas and Drinks,237,2832.1499999999996,237,2832.1499999999996,230,2748.5,223,2664.85,232,2772.3999999999996,227,2712.6499999999996
2050418,Dairy,95,451.25,97,460.75,99,470.25,102,484.5,99,470.25,97,460.75
2102052,International,6,96,6,96,6,96,6,96,6,96,6,96
2109732,Baby,863,12073.37,872,12199.28,907,12688.93,916,12814.84,889,12437.11,898,12563.02
2111413,Freezer,907,907,925,925,971,971,990,990,1040,1040,1030,1030
2112791,Snacks,854,14509.46,888,15087.119999999999,897,15240.029999999999,888,15087.119999999999,897,15240.029999999999,906,15392.939999999999
2117503,Refrigerated,991,3468.5,981,3433.5,971,3398.5,942,3297,989,3461.5,1009,3531.5
2127135,Baby,756,13608,764,13752,764,13752,787,14166,811,14598,827,14886
2147377,Snacks,501,4002.9900000000002,521,4162.79,521,4162.79,516,4122.84,516,4122.84,521,4162.79
2150184,International,1000,7000,1020,7140,1071,7497,1050,7350,1040,7280,1071,7497
2157657,Canned Goods,981,9800.19,1020,10189.800000000001,1061,10599.39,1029,10279.710000000001,1070,10689.300000000001,1113,11118.87
2163016,Dairy,777,13201.23,769,13065.31,807,13710.929999999998,791,13439.089999999998,823,13982.769999999999,864,14679.359999999999
2183049,Produce,92,1380,89,1335,88,1320,92,1380,97,1455,101,1515
2183121,Produce,590,11210,602,11438,608,11552,632,12008,638,12122,657,12483
2183199,Produce,435,5650.650000000001,457,5936.43,471,6118.29,457,5936.43,466,6053.34,475,6170.25
2189794,Produce,3,47.97,3,47.97,3,47.97,3,47.97,3,47.97,3,47.97
2202130,Snacks,316,6241,313,6181.75,329,6497.75,326,6438.5,336,6636,339,6695.25
2209050,Produce,828,10755.72,869,11288.31,860,11171.4,903,11729.97,930,12080.7,911,11833.89
2225164,International,641,4487,628,4396,609,4263,621,4347,646,4522,652,4564
2236404,Dairy,788,591,764,573,772,579,787,590.25,771,578.25,779,584.25
2241315,Produce,796,15880.199999999999,796,15880.199999999999,804,16039.8,828,16518.6,869,17336.55,895,17855.25
2274363,Refrigerated,692,8989.08,713,9261.87,713,9261.87,720,9352.8,706,9170.94,720,9352.8
2279238,Produce,274,3285.26,266,3189.34,266,3189.34,261,3129.39,266,3189.34,263,3153.37
2281302,International,447,4465.53,434,4335.66,438,4375.62,451,4505.49,474,4735.26,469,4685.31
2295994,Refrigerated,639,10856.609999999999,620,10533.8,639,10856.609999999999,620,10533.8,645,10958.55,639,10856.609999999999
2297775,Dairy,906,1802.94,933,1856.67,924,1838.76,970,1930.3,951,1892.49,922,1834.78
2315284,Snacks,876,11826,858,11583,892,12042,865,11677.5,882,11907,856,11556
2316021,Snacks,264,2109.36,259,2069.41,272,2173.28,286,2285.14,283,2261.17,286,2285.14
2327302,Sodas and Drinks,164,2950.3599999999997,172,3094.2799999999997,170,3058.2999999999997,177,3184.2299999999996,179,3220.2099999999996,177,3184.2299999999996
2327794,Produce,916,6412,898,6286,943,6601,952,6664,923,6461,932,6524
2334269,Dairy,128,2302.72,132,2374.68,139,2500.6099999999997,136,2446.64,141,2536.5899999999997,145,2608.5499999999997
2334319,Canned Goods,0,0,0,0,0,0,0,0,0,0,0,0
2337212,International,72,1367.28,72,1367.28,76,1443.2399999999998,74,1405.26,75,1424.2499999999998,76,1443.2399999999998
2337423,Canned Goods,460,6895.400000000001,474,7105.26,483,7240.17,478,7165.22,473,7090.27,473,7090.27
2348152,Produce,906,8108.699999999999,951,8511.449999999999,999,8941.05,1029,9209.55,1019,9120.05,1060,9487
2366978,Produce,385,7603.75,404,7979,396,7821,416,8216,404,7979,424,8374
2371650,Sodas and Drinks,325,4221.75,319,4143.81,335,4351.65,348,4520.52,348,4520.52,338,4390.62
2409760,Sodas and Drinks,163,2606.37,161,2574.39,166,2654.34,161,2574.39,164,2622.36,164,2622.36
2413347,Refrigerated,33,230.67000000000002,33,230.67000000000002,33,230.67000000000002,33,230.67000000000002,33,230.67000000000002,34,237.66
2422747,Sodas and Drinks,823,9670.25,864,10152,864,10152,881,10351.75,907,10657.25,925,10868.75
2440046,Refrigerated,535,3204.65,546,3270.54,568,3402.32,574,3438.26,591,3540.09,621,3719.79
2450333,Canned Goods,298,2381.02,292,2333.08,292,2333.08,283,2261.17,289,2309.11,292,2333.08
2469090,Sodas and Drinks,578,5774.22,561,5604.39,561,5604.39,550,5494.5,578,5774.22,595,5944.05
2478520,Dairy,235,4227.65,237,4263.629999999999,230,4137.7,225,4047.7499999999995,223,4011.7699999999995,227,4083.7299999999996
2496729,Dairy,179,3220.2099999999996,174,3130.2599999999998,169,3040.31,167,3004.33,169,3040.31,174,3130.2599999999998
2498222,Snacks,394,3526.2999999999997,398,3562.1,410,3669.4999999999995,402,3597.8999999999996,418,3741.1,426,3812.7
2512305,Produce,876,10293,902,10598.5,947,11127.25,919,10798.25,947,11127.25,966,11350.5
2512732,Produce,221,3312.79,232,3477.68,225,3372.75,218,3267.82,211,3162.89,213,3192.87
2513311,Sodas and Drinks,393,7368.75,413,7743.75,401,7518.75,393,7368.75,409,7668.75,405,7593.75
2513675,Produce,987,18753,1007,19133,1047,19893,1068,20292,1036,19684,1026,19494
2518533,Freezer,195,3217.5,203,3349.5,213,3514.5,213,3514.5,209,3448.5,205,3382.5
2524298,Sodas and Drinks,793,10301.07,801,10404.99,777,10093.23,808,10495.92,800,10392,776,10080.24
2533775,Baby,849,10612.5,832,10400,840,10500,857,10712.5,891,11137.5,900,11250
2548124,Snacks,359,4304.41,363,4352.37,363,4352.37,367,4400.33,371,4448.29,390,4676.1
2548570,Dairy,88,616,86,602,88,616,92,644,96,672,94,658
2551102,Produce,351,7020,351,7020,369,7380,387,7740,387,7740,406,8120
2557832,Snacks,194,1550.06,204,1629.96,204,1629.96,204,1629.96,212,1693.88,206,1645.94
2558392,Sodas and Drinks,621,9315,602,9030,608,9120,596,8940,626,9390,639,9585
2559291,Sodas and Drinks,542,5934.9,564,6175.799999999999,558,6110.099999999999,547,5989.65,569,6230.549999999999,569,6230.549999999999
2574302,Freezer,197,3142.1499999999996,207,3301.6499999999996,201,3205.95,211,3365.45,222,3540.8999999999996,224,3572.7999999999997
2578203,International,322,318.78,328,324.71999999999997,321,317.79,334,330.66,337,333.63,330,326.7
2581928,Freezer,495,8410.05,485,8240.15,504,8562.96,519,8817.81,509,8647.91,514,8732.859999999999
2582115,Canned Goods,505,8585,500,8500,515,8755,515,8755,520,8840,510,8670
2588260,Freezer,812,12171.880000000001,812,12171.880000000001,804,12051.960000000001,820,12291.8,845,12666.55,887,13296.130000000001
2592612,Freezer,693,2072.07,714,2134.86,707,2113.9300000000003,686,2051.1400000000003,693,2072.07,679,2030.21
2594379,Snacks,756,10576.44,748,10464.52,763,10674.37,771,10786.29,810,11331.9,810,11331.9
2596747,Freezer,745,5952.55,752,6008.4800000000005,782,6248.18,805,6431.95,829,6623.71,812,6487.88
2597448,International,571,3711.5,594,3861,600,3900,594,3861,576,3744,593,3854.5
2617577,Freezer,421,1679.7900000000002,434,1731.66,438,1747.6200000000001,456,1819.44,479,1911.21,493,1967.0700000000002
2623689,Dairy,783,7822.17,814,8131.860000000001,838,8371.62,830,8291.7,838,8371.62,838,8371.62
2624251,Refrigerated,278,208.5,292,219,286,214.5,286,214.5,292,219,292,219
2633905,Produce,971,17429.45,981,17608.95,981,17608.95,991,17788.45,1011,18147.45,991,17788.45
2639077,Dairy,332,1311.4,332,1311.4,342,1350.9,359,1418.05,363,1433.8500000000001,363,1433.8500000000001
2661243,Canned Goods,96,191.04,99,197.01,96,191.04,101,200.99,100,199,104,206.96
2663558,Sodas and Drinks,794,7138.06,778,6994.22,794,7138.06,834,7497.66,867,7794.33,850,7641.5
2681502,Produce,72,1007.28,72,1007.28,76,1063.24,74,1035.26,73,1021.27,72,1007.28
2701785,Canned Goods,606,8787,612,8874,643,9323.5,675,9787.5,709,10280.5,744,10788
2702099,Baby,286,1701.7,289,1719.55,289,1719.55,298,1773.1000000000001,298,1773.1000000000001,313,1862.3500000000001
2716363,Refrigerated,654,6533.46,667,6663.33,687,6863.13,701,7002.99,729,7282.71,707,7062.93
2744438,Canned Goods,35,481.25,34,467.5,34,467.5,34,467.5,33,453.75,33,453.75
2749763,Produce,466,6985.34,452,6775.4800000000005,475,7120.25,466,6985.34,471,7060.29,476,7135.24
2755920,Produce,413,408.87,417,412.83,434,429.65999999999997,456,451.44,465,460.35,451,446.49
2778927,Refrigerated,485,242.5,504,252,494,247,489,244.5,484,242,474,237
2783488,Snacks,216,1725.8400000000001,220,1757.8,229,1829.71,229,1829.71,236,1885.64,238,1901.6200000000001
2785702,Canned Goods,131,2351.45,138,2477.1,144,2584.7999999999997,144,2584.7999999999997,147,2638.65,147,2638.65
2786231,Baby,193,386,201,402,199,398,201,402,207,414,207,414
2795111,Baby,672,12062.4,672,12062.4,652,11703.4,659,11829.05,659,11829.05,652,11703.4
2795677,Produce,961,2873.3900000000003,942,2816.5800000000004,923,2759.77,969,2897.3100000000004,959,2867.4100000000003,969,2897.3100000000004
2801951,Snacks,598,1764.1000000000001,592,1746.4,616,1817.2,628,1852.6000000000001,622,1834.9,610,1799.5
2818647,Baby,125,248.75,128,254.72,132,262.68,136,270.64,143,284.57,147,292.53
2819301,Produce,783,8605.17,822,9033.78,863,9484.37,872,9583.28,907,9967.93,889,9770.11
2824504,Freezer,980,10770.2,960,10550.4,931,10231.69,978,10748.22,1007,11066.93,997,10957.03
2830334,Produce,74,740,74,740,77,770,79,790,80,800,82,820
2843874,Sodas and Drinks,396,1580.0400000000002,392,1564.0800000000002,384,1532.16,396,1580.0400000000002,396,1580.0400000000002,384,1532.16
2845857,Dairy,210,945,221,994.5,232,1044,244,1098,246,1107,244,1098
2849105,Sodas and Drinks,433,1299,446,1338,468,1404,477,1431,482,1446,482,1446
2852349,Baby,638,3668.5,644,3703,644,3703,650,3737.5,676,3887,676,3887
2861841,International,79,315.21000000000004,82,327.18,84,335.16,88,351.12,88,351.12,86,343.14000000000004
2877842,Produce,655,6543.45,681,6803.1900000000005,715,7142.85,751,7502.49,766,7652.34,774,7732.26
2890848,Produce,48,815.52,48,815.52,48,815.52,48,815.52,50,849.4999999999999,50,849.4999999999999
2906955,Produce,294,3160.5,303,3257.25,315,3386.25,324,3483,327,3515.25,334,3590.5
2910709,Refrigerated,425,7628.75,434,7790.299999999999,425,7628.75,442,7933.9,455,8167.25,446,8005.7
2920323,Snacks,245,732.5500000000001,255,762.45,247,738.5300000000001,249,744.5100000000001,244,729.5600000000001,239,714.61
2933646,Baby,464,1387.3600000000001,478,1429.22,464,1387.3600000000001,469,1402.3100000000002,464,1387.3600000000001,459,1372.41
2953288,Freezer,55,769.45,57,797.4300000000001,57,797.4300000000001,56,783.44,55,769.45,57,797.4300000000001
2992795,Dairy,590,10024.099999999999,584,9922.16,566,9616.339999999998,549,9327.509999999998,554,9412.46,571,9701.289999999999
3008388,Baby,568,568,568,568,557,557,551,551,540,540,529,529
3009959,Snacks,951,4745.49,999,4985.01,969,4835.31,940,4690.6,978,4880.22,1007,5024.93
3021763,Produce,476,947.24,466,927.34,457,909.43,475,945.25,461,917.39,466,927.34
3034662,Canned Goods,261,195.75,258,193.5,263,197.25,258,193.5,253,189.75,256,192
3057728,Produce,999,13736.25,969,13323.75,940,12925,912,12540,939,12911.25,967,13296.25
3065699,Sodas and Drinks,122,242.78,121,240.79,117,232.83,118,234.82,119,236.81,118,234.82
3085976,Produce,795,15065.25,795,15065.25,787,14913.65,826,15652.699999999999,801,15178.949999999999,841,15936.949999999999
3088595,Produce,210,2205,214,2247,212,2226,214,2247,220,2310,220,2310
3104682,Produce,210,2467.5,212,2491,206,2420.5,206,2420.5,204,2397,204,2397
3106591,Freezer,128,2425.6,133,2520.35,132,2501.4,131,2482.45,131,2482.45,136,2577.2
3124000,Produce,840,3150,840,3150,882,3307.5,908,3405,953,3573.75,924,3465
3129206,Produce,58,173.42000000000002,58,173.42000000000002,57,170.43,56,167.44,56,167.44,59,176.41000000000003
3130851,Produce,875,10491.25,858,10287.42,841,10083.59,816,9783.84,857,10275.43,866,10383.34
3132136,International,259,4918.41,269,5108.3099999999995,282,5355.179999999999,282,5355.179999999999,285,5412.15,285,5412.15
3138853,Sodas and Drinks,454,8966.5,440,8690,444,8769,448,8848,439,8670.25,439,8670.25
3140621,Produce,667,5329.33,700,5593,714,5704.860000000001,721,5760.79,750,5992.5,765,6112.35
3148200,Refrigerated,539,6462.61,555,6654.45,555,6654.45,566,6786.34,572,6858.28,589,7062.11
3154627,Produce,944,18832.8,944,18832.8,916,18274.2,889,17735.55,925,18453.75,897,17895.149999999998
3154811,Canned Goods,866,7750.7,909,8135.549999999999,927,8296.65,936,8377.199999999999,917,8207.15,917,8207.15
3158861,Sodas and Drinks,975,12675,956,12428,946,12298,984,12792,1023,13299,1054,13702
3168247,Baby,455,1360.45,460,1375.4,465,1390.3500000000001,484,1447.16,489,1462.1100000000001,509,1521.91
3169655,Sodas and Drinks,500,4995,520,5194.8,546,5454.54,541,5404.59,557,5564.43,568,5674.32
3218107,Canned Goods,840,5871.6,840,5871.6,848,5927.52,840,5871.6,815,5696.85,799,5585.01
3222195,Produce,634,9985.5,640,10080,659,10379.25,685,10788.75,692,10899,720,11340
3229985,Freezer,175,1137.5,175,1137.5,177,1150.5,173,1124.5,173,1124.5,178,1157
3240432,Produce,224,2800,228,2850,228,2850,226,2825,226,2825,235,2937.5
3263570,Produce,265,1722.5,270,1755,265,1722.5,260,1690,270,1755,273,1774.5
3287237,Dairy,269,4021.5499999999997,277,4141.15,277,4141.15,277,4141.15,280,4186,288,4305.599999999999
3287645,Canned Goods,915,12764.25,888,12387.599999999999,932,13001.4,923,12875.849999999999,923,12875.849999999999,951,13266.449999999999
3316158,Baby,584,6862,607,7132.25,613,7202.75,607,7132.25,601,7061.75,601,7061.75
3316183,Produce,633,3006.75,614,2916.5,626,2973.5,632,3002,645,3063.75,645,3063.75
3339397,International,557,1643.15,579,1708.0500000000002,567,1672.65,595,1755.25,589,1737.5500000000002,601,1772.95
3352536,Baby,434,217,425,212.5,421,210.5,429,214.5,438,219,442,221
3357534,Snacks,396,4158,416,4368,437,4588.5,441,4630.5,459,4819.5,473,4966.5
3370247,Snacks,205,3638.75,213,3780.75,209,3709.75,219,3887.25,226,4011.5,221,3922.75
3391829,Dairy,884,16787.16,911,17299.89,929,17641.71,966,18344.34,947,17983.53,994,18876.059999999998
3392242,Dairy,895,11590.25,895,11590.25,931,12056.449999999999,959,12419.05,949,12289.55,921,11926.949999999999
3406484,International,378,7556.219999999999,382,7636.179999999999,371,7416.289999999999,386,7716.139999999999,390,7796.099999999999,382,7636.179999999999
3416466,Baby,243,2427.57,245,2447.55,247,2467.53,252,2517.48,247,2467.53,254,2537.46
3440328,Sodas and Drinks,797,2351.15,797,2351.15,789,2327.55,821,2421.9500000000003,805,2374.75,821,2421.9500000000003
3441642,Dairy,296,2353.2000000000003,311,2472.4500000000003,311,2472.4500000000003,311,2472.4500000000003,327,2599.65,317,2520.15
3472073,International,829,15709.55,821,15557.949999999999,837,15861.15,870,16486.5,870,16486.5,914,17320.3
3472436,Produce,310,4956.9,322,5148.78,335,5356.65,348,5564.52,351,5612.49,355,5676.45
3480956,Refrigerated,659,5924.41,679,6104.21,693,6230.07,700,6293,686,6167.14,700,6293
3495149,Produce,382,2865,374,2805,381,2857.5,396,2970,404,3030,404,3030
3495905,Produce,395,2370,407,2442,395,2370,383,2298,391,2346,407,2442
3507561,Refrigerated,898,8037.099999999999,934,8359.3,943,8439.849999999999,943,8439.849999999999,943,8439.849999999999,971,8690.449999999999
3515100,Freezer,468,463.32,463,458.37,472,467.28,486,481.14,486,481.14,476,471.24
3517177,Baby,966,1883.7,947,1846.6499999999999,966,1883.7,966,1883.7,985,1920.75,965,1881.75
3517707,Refrigerated,795,15892.05,811,16211.89,819,16371.81,827,16531.73,827,16531.73,827,16531.73
3517872,Produce,810,11137.5,851,11701.25,885,12168.75,903,12416.25,939,12911.25,920,12650
3545476,Produce,40,438,39,427.04999999999995,39,427.04999999999995,39,427.04999999999995,38,416.09999999999997,40,438
3563868,Freezer,956,3814.44,1004,4005.96,1034,4125.66,1013,4041.8700000000003,1003,4001.9700000000003,973,3882.27
3564261,Refrigerated,296,3833.2,296,3833.2,299,3872.0499999999997,296,3833.2,305,3949.75,317,4105.15
3566289,Freezer,591,5880.45,597,5940.15,591,5880.45,603,5999.849999999999,603,5999.849999999999,627,6238.65
3573581,Freezer,882,3087,900,3150,873,3055.5,899,3146.5,944,3304,953,3335.5
3591322,Baby,280,490,291,509.25,294,514.5,309,540.75,303,530.25,300,525
3593889,Snacks,27,472.5,28,490,27,472.5,28,490,27,472.5,26,455
3593942,Produce,58,333.5,61,350.75,63,362.25,65,373.75,66,379.5,65,373.75
3597520,Sodas and Drinks,851,14424.449999999999,842,14271.9,834,14136.3,809,13712.55,825,13983.75,858,14543.099999999999
3603815,Freezer,106,1372.6999999999998,106,1372.6999999999998,108,1398.6,109,1411.55,107,1385.6499999999999,112,1450.3999999999999
3616829,Refrigerated,891,2628.4500000000003,927,2734.65,927,2734.65,908,2678.6000000000004,908,2678.6000000000004,944,2784.8
3624042,Canned Goods,706,9142.699999999999,706,9142.699999999999,741,9595.949999999999,771,9984.449999999999,794,10282.3,810,10489.5
3627013,Produce,281,278.19,281,278.19,287,284.13,293,290.07,290,287.1,305,301.95
3627628,Produce,959,2867.4100000000003,969,2897.3100000000004,979,2927.21,969,2897.3100000000004,969,2897.3100000000004,979,2927.21
3635215,Sodas and Drinks,279,4115.25,290,4277.5,302,4454.5,293,4321.75,293,4321.75,308,4543
3654824,Sodas and Drinks,703,9834.97,731,10226.69,760,10632.4,790,11052.1,806,11275.94,838,11723.62
3669337,Produce,134,2539.2999999999997,135,2558.25,142,2690.9,141,2671.95,138,2615.1,135,2558.25
3690997,Produce,917,6409.83,963,6731.37,953,6661.47,963,6731.37,1011,7066.89,1062,7423.38
3712435,International,87,1130.13,89,1156.1100000000001,92,1195.08,94,1221.06,95,1234.05,99,1286.01
3714581,International,419,2933,423,2961,431,3017,431,3017,440,3080,440,3080
3722512,Baby,142,418.90000000000003,141,415.95000000000005,138,407.1,141,415.95000000000005,148,436.6,152,448.40000000000003
3726263,Produce,631,2517.69,644,2569.56,625,2493.75,625,2493.75,650,2593.5,683,2725.17
3729850,Freezer,8,127.92,8,127.92,8,127.92,8,127.92,8,127.92,8,127.92
3733892,Sodas and Drinks,639,632.61,658,651.42,684,677.16,718,710.82,718,710.82,747,739.53
3734776,Canned Goods,541,4598.5,568,4828,562,4777,573,4870.5,567,4819.5,578,4913
3738841,Sodas and Drinks,862,8611.380000000001,871,8701.29,845,8441.55,845,8441.55,862,8611.380000000001,896,8951.04
3741975,International,888,4431.12,906,4520.9400000000005,951,4745.49,961,4795.39,942,4700.58,951,4745.49
3756790,Produce,523,1307.5,513,1282.5,528,1320,544,1360,560,1400,566,1415
3761792,Snacks,601,2397.9900000000002,583,2326.17,583,2326.17,612,2441.88,636,2537.6400000000003,623,2485.77
3775303,Baby,810,1579.5,842,1641.8999999999999,850,1657.5,859,1675.05,893,1741.35,866,1688.7
3790457,Produce,475,9001.25,494,9361.3,504,9550.8,489,9266.55,504,9550.8,514,9740.3
3794263,Dairy,929,4635.71,957,4775.43,995,4965.05,1015,5064.85,1025,5114.75,1005,5014.95
3801414,Produce,985,935.75,985,935.75,1005,954.75,1035,983.25,1004,953.8,1054,1001.3
3810886,Produce,577,3433.15,577,3433.15,594,3534.3,606,3605.7000000000003,624,3712.8,630,3748.5
3816517,Dairy,324,644.76,318,632.82,315,626.85,331,658.6899999999999,348,692.52,358,712.42
3831074,Canned Goods,316,5988.2,316,5988.2,316,5988.2,316,5988.2,313,5931.349999999999,304,5760.8
3859113,Sodas and Drinks,70,489.3,71,496.29,69,482.31,69,482.31,70,489.3,72,503.28000000000003
3866983,Baby,768,3801.6000000000004,753,3727.35,791,3915.4500000000003,791,3915.4500000000003,815,4034.25,839,4153.05
3868142,Produce,139,208.5,143,214.5,147,220.5,153,229.5,155,232.5,155,232.5
3891006,Canned Goods,607,4552.5,595,4462.5,577,4327.5,606,4545,636,4770,642,4815
3893709,Canned Goods,678,8807.22,678,8807.22,698,9067.02,691,8976.09,684,8885.16,684,8885.16
3895358,Freezer,134,1601.3,138,1649.1,139,1661.05,135,1613.25,132,1577.3999999999999,128,1529.6
3912013,Refrigerated,804,1567.8,828,1614.6,861,1678.95,861,1678.95,904,1762.8,949,1850.55
3920209,Produce,894,16941.3,867,16429.649999999998,858,16259.099999999999,884,16751.8,902,17092.899999999998,947,17945.649999999998
3931236,Baby,382,6108.18,393,6284.07,397,6348.03,401,6411.99,393,6284.07,397,6348.03
3934845,Produce,505,4292.5,490,4165,505,4292.5,495,4207.5,495,4207.5,485,4122.5
3951173,Produce,289,578,295,590,310,620,316,632,332,664,342,684
3958999,Produce,37,294.15000000000003,38,302.1,39,310.05,41,325.95,40,318,41,325.95
3974564,Canned Goods,216,4050,227,4256.25,227,4256.25,220,4125,222,4162.5,222,4162.5
3976228,Produce,785,4702.150000000001,777,4654.2300000000005,816,4887.84,832,4983.68,807,4833.93,807,4833.93
3981434,Snacks,477,834.75,487,852.25,497,869.75,522,913.5,532,931,521,911.75
3983023,Produce,592,11544,604,11778,616,12012,598,11661,598,11661,628,12246
4003897,Produce,677,1320.1499999999999,677,1320.1499999999999,677,1320.1499999999999,657,1281.1499999999999,637,1242.1499999999999,662,1290.8999999999999
4011581,International,510,7134.900000000001,530,7414.7,551,7708.49,562,7862.38,551,7708.49,551,7708.49
4036525,International,803,8824.97,843,9264.57,835,9176.65,843,9264.57,843,9264.57,835,9176.65
4040941,Produce,655,10447.25,662,10558.9,642,10239.9,636,10144.199999999999,623,9936.85,611,9745.449999999999
4045892,Freezer,894,8001.299999999999,876,7840.2,867,7759.65,850,7607.499999999999,850,7607.499999999999,842,7535.9
4051272,Produce,695,5553.05,709,5664.91,730,5832.7,767,6128.33,752,6008.4800000000005,737,5888.63
4058580,International,227,2948.73,232,3013.68,225,2922.75,232,3013.68,239,3104.61,232,3013.68
4059148,Snacks,379,1512.21,398,1588.02,414,1651.8600000000001,406,1619.94,398,1588.02,414,1651.8600000000001
4063029,Snacks,87,256.65000000000003,90,265.5,94,277.3,94,277.3,95,280.25,98,289.1
4084029,Refrigerated,949,18932.55,949,18932.55,996,19870.2,1046,20867.7,1036,20668.2,1057,21087.149999999998
4084564,Snacks,548,1090.52,543,1080.57,554,1102.46,548,1090.52,570,1134.3,593,1180.07
4089444,Produce,160,2320,162,2349,170,2465,175,2537.5,184,2668,188,2726
4094593,Produce,495,1480.0500000000002,485,1450.15,500,1495,495,1480.0500000000002,485,1450.15,509,1521.91
4100159,Produce,662,10558.9,669,10670.55,702,11196.9,688,10973.6,709,11308.55,744,11866.8
4115838,Baby,174,2086.26,176,2110.2400000000002,172,2062.28,179,2146.21,174,2086.26,177,2122.23
4121044,Refrigerated,694,13179.06,701,13311.99,687,13046.13,687,13046.13,701,13311.99,687,13046.13
4122191,Sodas and Drinks,384,6524.16,396,6728.039999999999,408,6931.919999999999,400,6795.999999999999,420,7135.799999999999,424,7203.759999999999
4127748,Dairy,804,9607.8,836,9990.199999999999,836,9990.199999999999,853,10193.349999999999,862,10300.9,905,10814.75
4132724,International,411,6966.45,399,6763.049999999999,391,6627.45,395,6695.25,387,6559.65,406,6881.7
4132813,International,606,575.6999999999999,618,587.1,618,587.1,624,592.8,605,574.75,635,603.25
4140782,Produce,42,333.90000000000003,43,341.85,42,333.90000000000003,43,341.85,45,357.75,46,365.7
4145403,Freezer,438,8755.619999999999,438,8755.619999999999,447,8935.529999999999,460,9195.4,446,8915.539999999999,437,8735.63
4156530,Produce,33,0,33,0,32,0,32,0,32,0,33,0
4158267,Freezer,721,12941.949999999999,750,13462.5,728,13067.6,728,13067.6,713,12798.35,734,13175.3
4161929,Dairy,888,1767.12,932,1854.68,960,1910.4,970,1930.3,951,1892.49,999,1988.01
4170177,Freezer,99,1237.5,103,1287.5,100,1250,105,1312.5,107,1337.5,110,1375
4174702,Baby,43,214.57000000000002,44,219.56,46,229.54000000000002,45,224.55,45,224.55,47,234.53
4189798,Baby,721,6308.75,699,6116.25,685,5993.75,699,6116.25,678,5932.5,685,5993.75
4196635,Sodas and Drinks,776,14550,776,14550,799,14981.25,815,15281.25,815,15281.25,799,14981.25
4196874,Freezer,422,0,426,0,435,0,426,0,447,0,447,0
4202274,Freezer,22,286,22,286,23,299,23,299,24,312,24,312
4203004,Refrigerated,605,7834.75,587,7601.65,581,7523.95,587,7601.65,593,7679.349999999999,605,7834.75
4209676,Snacks,319,315.81,309,305.91,324,320.76,340,336.6,340,336.6,337,333.63
4213410,International,49,340.55,50,347.5,51,354.45,54,375.3,56,389.2,55,382.25
4222295,Refrigerated,355,3901.4500000000003,344,3780.56,344,3780.56,341,3747.59,344,3780.56,358,3934.42
4224946,Produce,133,1057.3500000000001,133,1057.3500000000001,136,1081.2,143,1136.8500000000001,150,1192.5,155,1232.25
4232694,International,356,3556.44,374,3736.26,374,3736.26,370,3696.3,381,3806.19,370,3696.3
4234638,Refrigerated,88,1496,91,1547,89,1513,91,1547,89,1513,90,1530
4237763,International,572,10290.279999999999,578,10398.22,590,10614.099999999999,608,10937.919999999998,608,10937.919999999998,608,10937.919999999998
4279810,Produce,216,2805.84,212,2753.88,206,2675.94,216,2805.84,216,2805.84,218,2831.82
4301178,Baby,327,2285.73,343,2397.57,333,2327.67,340,2376.6,330,2306.7000000000003,337,2355.63
4302198,Refrigerated,87,1304.13,84,1259.16,85,1274.15,87,1304.13,88,1319.1200000000001,91,1364.09
4302561,Produce,891,4009.5,927,4171.5,918,4131,964,4338,983,4423.5,963,4333.5
4303287,Dairy,952,15222.48,923,14758.77,914,14614.86,951,15206.49,989,15814.11,969,15494.31
4309596,Produce,992,6894.400000000001,1002,6963.900000000001,972,6755.400000000001,1021,7095.95,1001,6956.95,1021,7095.95
4311326,Snacks,52,754,54,783,54,783,56,812,57,826.5,56,812
4333636,Dairy,289,4031.5499999999997,280,3906,283,3947.85,275,3836.25,286,3989.7,277,3864.1499999999996
4337509,Produce,867,17773.5,858,17589,901,18470.5,937,19208.5,928,19024,965,19782.5
4339393,Refrigerated,866,6928,857,6856,840,6720,865,6920,908,7264,917,7336
4339736,Produce,329,904.75,322,885.5,319,877.25,329,904.75,336,924,343,943.25
4344080,Canned Goods,516,3483,521,3516.75,542,3658.5,526,3550.5,547,3692.25,569,3840.75
4345378,International,29,173.71,29,173.71,30,179.70000000000002,31,185.69,33,197.67000000000002,34,203.66
4348156,Baby,130,2468.7,126,2392.74,122,2316.7799999999997,121,2297.79,119,2259.81,115,2183.85
4352694,Freezer,168,3360,163,3260,166,3320,174,3480,183,3660,192,3840
4365573,Canned Goods,624,4960.8,605,4809.75,617,4905.150000000001,648,5151.6,667,5302.650000000001,700,5565
4375300,Sodas and Drinks,945,18663.75,917,18110.75,945,18663.75,983,19414.25,954,18841.5,973,19216.75
4378870,Canned Goods,252,995.4000000000001,257,1015.1500000000001,265,1046.75,273,1078.3500000000001,284,1121.8,295,1165.25
4381045,Baby,795,7910.249999999999,771,7671.45,794,7900.299999999999,794,7900.299999999999,786,7820.7,778,7741.099999999999
4393071,Canned Goods,519,6202.049999999999,535,6393.25,551,6584.45,557,6656.15,540,6453,529,6321.549999999999
4403142,Baby,647,3228.53,679,3388.21,713,3557.8700000000003,727,3627.73,749,3737.51,764,3812.36
4403292,Canned Goods,928,12982.72,919,12856.81,947,13248.53,947,13248.53,975,13640.25,1024,14325.76
4406083,Dairy,370,277.5,377,282.75,381,285.75,381,285.75,373,279.75,366,274.5
4408422,Dairy,815,15444.25,799,15141.05,791,14989.449999999999,823,15595.849999999999,815,15444.25,815,15444.25
4418496,Produce,501,5260.5,526,5523,552,5796,569,5974.5,586,6153,568,5964
4439397,Produce,604,604,598,598,586,586,604,604,622,622,622,622
4448602,Dairy,501,6387.75,506,6451.5,506,6451.5,516,6579,521,6642.75,505,6438.75
4465697,Dairy,148,288.59999999999997,147,286.65,147,286.65,148,288.59999999999997,154,300.3,156,304.2
4470230,Canned Goods,881,2634.19,907,2711.9300000000003,934,2792.6600000000003,962,2876.38,1010,3019.9,990,2960.1000000000004
4472978,International,165,2763.75,165,2763.75,170,2847.5,170,2847.5,168,2814,173,2897.75
4484016,International,76,911.24,74,887.26,75,899.25,74,887.26,72,863.28,73,875.27
4485079,Sodas and Drinks,986,11822.14,956,11462.44,946,11342.54,974,11678.26,1023,12265.77,992,11894.08
4491756,Sodas and Drinks,492,3439.08,492,3439.08,487,3404.13,506,3536.94,516,3606.84,531,3711.69
4492252,Produce,48,239.52,47,234.53,47,234.53,46,229.54000000000002,47,234.53,49,244.51000000000002
4493453,Canned Goods,443,6179.849999999999,447,6235.65,434,6054.299999999999,425,5928.75,412,5747.4,412,5747.4
4495293,Produce,178,1415.1000000000001,180,1431,182,1446.9,184,1462.8,193,1534.3500000000001,197,1566.15
4511425,Produce,11,162.25,11,162.25,11,162.25,11,162.25,11,162.25,11,162.25
4511960,Freezer,429,2569.71,442,2647.58,455,2725.4500000000003,441,2641.59,450,2695.5,450,2695.5
4533636,Dairy,531,5814.45,547,5989.65,569,6230.549999999999,586,6416.7,574,6285.299999999999,603,6602.849999999999
4534717,Snacks,872,2616,863,2589,863,2589,837,2511,829,2487,870,2610
4546134,Produce,426,4153.5,443,4319.25,456,4446,474,4621.5,460,4485,478,4660.5
4549712,Freezer,19,113.05,20,119,21,124.95,22,130.9,22,130.9,22,130.9
4556793,Produce,58,347.42,57,341.43,56,335.44,58,347.42,56,335.44,55,329.45
4560280,Dairy,4,27.96,4,27.96,4,27.96,4,27.96,4,27.96,4,27.96
4560280,Dairy,634,3138.3,615,3044.25,603,2984.85,597,2955.15,609,3014.55,597,2955.15
4560280,Produce,685,3390.75,678,3356.1,658,3257.1,671,3321.4500000000003,678,3356.1,598,2960.1
4562445,Canned Goods,871,17411.289999999997,897,17931.03,870,17391.3,844,16871.559999999998,878,17551.219999999998,922,18430.78
4564119,Produce,713,10659.35,713,10659.35,706,10554.699999999999,734,10973.3,741,11077.949999999999,726,10853.699999999999
4575511,Snacks,555,8325,566,8490,560,8400,571,8565,560,8400,566,8490
4590468,Produce,553,2206.4700000000003,564,2250.36,575,2294.25,581,2318.19,610,2433.9,592,2362.08
4617651,Produce,418,5831.099999999999,410,5719.5,402,5607.9,402,5607.9,402,5607.9,406,5663.7
4625821,Snacks,529,3147.55,550,3272.5,561,3337.9500000000003,567,3373.65,584,3474.8,578,3439.1
4633295,International,574,6859.299999999999,585,6990.75,597,7134.15,627,7492.65,640,7648,672,8030.4
4641888,Refrigerated,902,1353,929,1393.5,957,1435.5,947,1420.5,985,1477.5,975,1462.5
4674424,Sodas and Drinks,735,12487.65,764,12980.359999999999,741,12589.589999999998,719,12215.81,733,12453.669999999998,733,12453.669999999998
4681583,Refrigerated,635,9493.25,635,9493.25,629,9403.55,642,9597.9,655,9792.25,681,10180.949999999999
4686878,Dairy,177,2476.23,179,2504.21,175,2448.25,180,2518.2,175,2448.25,182,2546.18
4699498,Canned Goods,855,13680,881,14096,890,14240,935,14960,963,15408,963,15408
4711098,Sodas and Drinks,857,11989.43,866,12115.34,875,12241.25,901,12604.99,937,13108.630000000001,946,13234.54
4711901,Canned Goods,546,9276.539999999999,562,9548.38,562,9548.38,551,9361.49,557,9463.429999999998,540,9174.599999999999
4713660,Produce,986,8627.5,1035,9056.25,1087,9511.25,1087,9511.25,1054,9222.5,1022,8942.5
4714411,Produce,791,3947.09,791,3947.09,783,3907.17,806,4021.94,830,4141.7,813,4056.8700000000003
4715687,Dairy,464,9280,473,9460,459,9180,482,9640,492,9840,517,10340
4730964,Produce,721,12941.949999999999,699,12547.05,706,12672.699999999999,720,12924,720,12924,698,12529.1
4739085,Produce,459,4126.41,464,4171.36,464,4171.36,473,4252.27,482,4333.18,468,4207.32
4743567,Canned Goods,319,2867.81,332,2984.6800000000003,339,3047.61,356,3200.44,352,3164.48,359,3227.41
4750037,Refrigerated,326,3243.7,319,3174.0499999999997,316,3144.2,316,3144.2,325,3233.7499999999995,338,3363.1
4787327,Sodas and Drinks,499,6487,524,6812,519,6747,524,6812,534,6942,534,6942
4789209,Baby,867,8626.65,902,8974.9,911,9064.449999999999,893,8885.349999999999,902,8974.9,875,8706.25
4810004,Canned Goods,660,1313.4,640,1273.6,659,1311.41,692,1377.08,678,1349.22,685,1363.15
4810153,Baby,129,1546.71,128,1534.72,125,1498.75,130,1558.7,129,1546.71,133,1594.67
4814887,Freezer,744,706.8,781,741.9499999999999,820,779,804,763.8,828,786.5999999999999,845,802.75
4815972,Sodas and Drinks,669,12543.75,676,12675,669,12543.75,702,13162.5,723,13556.25,759,14231.25
4819805,Canned Goods,588,1170.12,594,1182.06,582,1158.18,611,1215.89,635,1263.65,660,1313.4
4837539,Produce,550,7694.5,545,7624.55,540,7554.6,545,7624.55,545,7624.55,561,7848.39
4852818,International,137,1368.63,134,1338.66,134,1338.66,138,1378.6200000000001,137,1368.63,134,1338.66
4852874,Canned Goods,221,2207.79,217,2167.83,217,2167.83,213,2127.87,222,2217.78,226,2257.7400000000002
4858615,Dairy,940,7520,978,7824,978,7824,988,7904,1037,8296,1016,8128
4868018,Produce,363,1796.8500000000001,367,1816.65,382,1890.9,378,1871.1000000000001,378,1871.1000000000001,389,1925.5500000000002
4871733,Dairy,798,2386.02,830,2481.7000000000003,847,2532.53,872,2607.28,863,2580.3700000000003,863,2580.3700000000003
4871833,Refrigerated,819,5724.81,844,5899.56,827,5780.7300000000005,819,5724.81,860,6011.400000000001,860,6011.400000000001
4882891,Produce,1,19.95,1,19.95,1,19.95,1,19.95,1,19.95,1,19.95
4884598,Sodas and Drinks,750,14212.5,728,13795.6,757,14345.15,749,14193.55,764,14477.8,772,14629.4
4889176,Refrigerated,791,3156.09,791,3156.09,799,3188.01,831,3315.69,864,3447.36,907,3618.9300000000003
4894522,Snacks,837,14647.5,870,15225,896,15680,887,15522.5,896,15680,941,16467.5
4917428,Sodas and Drinks,800,15600,776,15132,784,15288,808,15756,848,16536,823,16048.5
4922561,Produce,960,16310.399999999998,1008,17125.92,988,16786.12,958,16276.419999999998,977,16599.23,957,16259.429999999998
4926599,Produce,281,5760.5,284,5822,290,5945,305,6252.5,296,6068,290,5945
4949310,Produce,307,4908.93,304,4860.96,313,5004.87,326,5212.74,316,5052.84,313,5004.87
4961764,Dairy,242,4356,237,4266,239,4302,239,4302,246,4428,239,4302
4972205,Dairy,231,1501.5,233,1514.5,226,1469,221,1436.5,217,1410.5,213,1384.5
4973153,Refrigerated,417,1246.8300000000002,434,1297.66,434,1297.66,456,1363.44,442,1321.5800000000002,464,1387.3600000000001
4979457,Dairy,102,1528.98,104,1558.96,107,1603.93,105,1573.95,103,1543.97,104,1558.96
4990491,Dairy,90,1165.5,89,1152.55,88,1139.6,87,1126.6499999999999,88,1139.6,92,1191.3999999999999
4999217,Sodas and Drinks,989,0,989,0,999,0,1039,0,1091,0,1080,0
4999469,Refrigerated,503,3012.9700000000003,488,2923.12,508,3042.92,493,2953.07,503,3012.9700000000003,513,3072.87
5015337,Canned Goods,813,2430.8700000000003,813,2430.8700000000003,837,2502.63,829,2478.71,854,2553.46,888,2655.1200000000003
5018472,Baby,895,2676.05,940,2810.6000000000004,912,2726.88,948,2834.52,976,2918.2400000000002,956,2858.44
5020716,Freezer,150,292.5,146,284.7,150,292.5,156,304.2,151,294.45,159,310.05
5020796,Sodas and Drinks,551,523.4499999999999,540,513,567,538.65,584,554.8,566,537.6999999999999,589,559.55
5031830,Produce,668,5337.32,695,5553.05,681,5441.1900000000005,715,5712.85,701,5600.99,694,5545.06
5047917,Baby,226,4517.74,237,4737.629999999999,249,4977.509999999999,261,5217.389999999999,258,5157.419999999999,255,5097.45
5049237,Canned Goods,360,4500,378,4725,378,4725,393,4912.5,401,5012.5,393,4912.5
5052617,Refrigerated,761,11034.5,784,11368,800,11600,840,12180,815,11817.5,856,12412
5055409,Dairy,240,2160,233,2097,231,2079,229,2061,231,2079,238,2142
5063847,Produce,4,63.96,4,63.96,4,63.96,4,63.96,4,63.96,4,63.96
5073191,Refrigerated,299,595.01,293,583.07,308,612.92,320,636.8,326,648.74,342,680.58
5073578,Snacks,855,17100,864,17280,907,18140,925,18500,925,18500,916,18320
5073949,Produce,840,10071.6,823,9867.77,823,9867.77,815,9771.85,839,10059.61,822,9855.78
5074121,International,0,0,0,0,0,0,0,0,0,0,0,0
5083511,Baby,36,71.64,37,73.63,36,71.64,36,71.64,36,71.64,36,71.64
5085330,Baby,677,6763.2300000000005,704,7032.96,711,7102.89,747,7462.53,784,7832.16,800,7992
5104923,Produce,43,645,43,645,45,675,47,705,46,690,46,690
5117335,Produce,792,4554,800,4600,792,4554,784,4508,768,4416,768,4416
5121504,Canned Goods,180,2518.2,180,2518.2,185,2588.15,194,2714.06,202,2825.98,204,2853.96
5130129,Produce,48,573.5999999999999,47,561.65,49,585.55,50,597.5,50,597.5,52,621.4
5132734,Sodas and Drinks,17,127.5,17,127.5,17,127.5,17,127.5,18,135,18,135
5142314,Baby,741,3667.9500000000003,748,3702.6,778,3851.1000000000004,786,3890.7000000000003,762,3771.9,739,3658.05
5144279,Produce,620,8673.8,608,8505.92,620,8673.8,651,9107.49,658,9205.42,638,8925.62
5159717,Produce,951,5468.25,961,5525.75,1009,5801.75,1049,6031.75,1080,6210,1112,6394
5161692,Freezer,891,6237,891,6237,918,6426,909,6363,927,6489,936,6552
5178271,Freezer,424,826.8,428,834.6,419,817.05,419,817.05,436,850.1999999999999,453,883.35
5179363,Produce,481,6012.5,481,6012.5,486,6075,486,6075,486,6075,505,6312.5
5191244,Snacks,234,1860.3,246,1955.7,258,2051.1,263,2090.85,266,2114.7000000000003,279,2218.05
5191851,Dairy,563,9542.85,586,9932.699999999999,615,10424.25,640,10848,659,11170.05,666,11288.699999999999
5195877,Baby,393,3831.75,393,3831.75,409,3987.75,397,3870.75,405,3948.75,417,4065.75
5204618,Baby,192,2486.3999999999996,188,2434.6,190,2460.5,198,2564.1,206,2667.7,212,2745.3999999999996
5220194,Refrigerated,990,13810.5,960,13392,998,13922.099999999999,988,13782.599999999999,958,13364.099999999999,939,13099.05
5223074,Produce,173,994.75,168,966,166,954.5,164,943,167,960.25,175,1006.25
5227484,Freezer,902,6990.5,929,7199.75,948,7347,957,7416.75,976,7564,1025,7943.75
5229384,Canned Goods,177,2035.5,172,1978,181,2081.5,190,2185,194,2231,202,2323
5235025,Dairy,94,277.3,91,268.45,92,271.40000000000003,94,277.3,91,268.45,95,280.25
5252279,Dairy,627,10000.65,658,10495.1,645,10287.75,664,10590.8,664,10590.8,664,10590.8
5257272,Freezer,582,576.18,570,564.3,570,564.3,553,547.47,553,547.47,575,569.25
5261606,Baby,226,3559.5,224,3528,224,3528,231,3638.25,224,3528,228,3591
5271450,Produce,78,308.1,82,323.90000000000003,80,316,82,323.90000000000003,80,316,80,316
5272601,Sodas and Drinks,459,3442.5,454,3405,445,3337.5,454,3405,477,3577.5,491,3682.5
5275868,International,978,3902.2200000000003,1027,4097.7300000000005,1037,4137.63,1068,4261.320000000001,1100,4389,1100,4389
5285421,International,175,2362.5,170,2295,167,2254.5,172,2322,167,2254.5,170,2295
5289756,Produce,935,16783.25,926,16621.7,972,17447.399999999998,962,17267.899999999998,962,17267.899999999998,1000,17950
5296809,Refrigerated,117,934.83,122,974.78,128,1022.72,134,1070.66,139,1110.6100000000001,145,1158.55
5299896,Produce,666,2630.7000000000003,699,2761.05,734,2899.3,734,2899.3,719,2840.05,705,2784.75
5306602,Sodas and Drinks,147,2058,143,2002,142,1988,142,1988,143,2002,147,2058
5315572,Dairy,821,6559.79,854,6823.46,897,7167.03,870,6951.3,887,7087.13,914,7302.860000000001
5316039,Freezer,884,11483.16,884,11483.16,884,11483.16,893,11600.07,938,12184.62,957,12431.43
5318539,Produce,104,622.96,107,640.9300000000001,110,658.9,107,640.9300000000001,105,628.95,102,610.98
5328102,Produce,500,7475,500,7475,525,7848.75,515,7699.25,530,7923.5,535,7998.25
5331706,Produce,588,8790.6,570,8521.5,593,8865.35,611,9134.449999999999,623,9313.85,611,9134.449999999999
5341469,International,490,7227.5,500,7375,510,7522.5,530,7817.5,546,8053.5,551,8127.25
5342957,Refrigerated,48,767.52,48,767.52,49,783.51,51,815.49,53,847.47,54,863.46
5344702,Dairy,92,897,93,906.75,96,936,101,984.75,99,965.25,99,965.25
5345258,Snacks,572,2282.28,561,2238.3900000000003,578,2306.2200000000003,607,2421.9300000000003,613,2445.8700000000003,607,2421.9300000000003
5347870,International,92,91.08,94,93.06,94,93.06,94,93.06,94,93.06,99,98.01
5357940,Dairy,699,13281,692,13148,671,12749,658,12502,658,12502,658,12502
5362073,Produce,342,3758.58,352,3868.48,366,4022.34,384,4220.16,372,4088.28,379,4165.21
5367107,Produce,70,1186.5,74,1254.3,78,1322.1,77,1305.1499999999999,75,1271.25,76,1288.2
5372618,International,65,763.75,64,752,67,787.25,67,787.25,69,810.75,68,799
5373196,Refrigerated,35,665,34,646,34,646,34,646,35,665,36,684
5376112,Dairy,312,6396,315,6457.5,318,6519,308,6314,311,6375.5,314,6437
5378113,Produce,337,6403,347,6593,350,6650,343,6517,357,6783,375,7125
5389962,Produce,813,804.87,821,812.79,829,820.71,846,837.54,871,862.29,906,896.9399999999999
5394871,Dairy,172,2743.4,177,2823.15,184,2934.7999999999997,188,2998.6,196,3126.2,204,3253.7999999999997
5404827,Canned Goods,906,13580.94,915,13715.85,933,13985.67,961,14405.39,971,14555.29,981,14705.19
5410802,Refrigerated,886,17711.14,877,17531.23,859,17171.41,893,17851.07,875,17491.25,884,17671.16
5423696,Produce,329,1957.55,345,2052.75,335,1993.25,348,2070.6,348,2070.6,355,2112.25
5428362,Dairy,448,2665.6,466,2772.7000000000003,461,2742.9500000000003,484,2879.8,469,2790.55,488,2903.6
5491065,Produce,755,8305,763,8393,740,8140,762,8382,754,8294,762,8382
5493671,Snacks,918,12842.82,927,12968.73,955,13360.45,993,13892.07,983,13752.17,1012,14157.880000000001
5496631,Baby,122,1091.8999999999999,127,1136.6499999999999,127,1136.6499999999999,124,1109.8,128,1145.6,124,1109.8
5506654,Sodas and Drinks,997,12462.5,1007,12587.5,1057,13212.5,1110,13875,1143,14287.5,1120,14000
5508919,Baby,650,9100,670,9380,704,9856,732,10248,710,9940,696,9744
5510581,Produce,361,1805,361,1805,379,1895,375,1875,383,1915,375,1875
5514498,Canned Goods,628,314,653,326.5,666,333,646,323,627,313.5,646,323
5535273,Produce,232,1380.4,232,1380.4,225,1338.75,232,1380.4,237,1410.15,235,1398.25
5541387,Baby,490,9305.099999999999,500,9495,485,9210.15,500,9495,520,9874.8,525,9969.75
5546702,Baby,969,12587.31,1008,13093.92,1048,13613.52,1038,13483.62,1017,13210.83,986,12808.14
5549940,Dairy,862,10335.380000000001,871,10443.29,880,10551.2,854,10239.460000000001,888,10647.12,932,11174.68
5551735,Canned Goods,750,3712.5,765,3786.75,803,3974.8500000000004,795,3935.25,811,4014.4500000000003,852,4217.400000000001
5552498,Sodas and Drinks,493,2440.35,488,2415.6,493,2440.35,493,2440.35,513,2539.35,513,2539.35
5557352,Baby,906,17667,924,18018,924,18018,906,17667,933,18193.5,952,18564
5557374,Freezer,536,1602.64,541,1617.5900000000001,541,1617.5900000000001,568,1698.3200000000002,596,1782.0400000000002,620,1853.8000000000002
5598220,Canned Goods,877,4385,912,4560,930,4650,930,4650,958,4790,929,4645
5599954,Sodas and Drinks,370,2201.5,366,2177.7000000000003,381,2266.9500000000003,381,2266.9500000000003,370,2201.5,366,2177.7000000000003
5612670,Refrigerated,264,3682.7999999999997,264,3682.7999999999997,277,3864.1499999999996,271,3780.45,266,3710.7,277,3864.1499999999996
5613361,Produce,274,1915.26,282,1971.18,276,1929.24,279,1950.21,276,1929.24,284,1985.16
5620254,Freezer,765,7611.749999999999,803,7989.849999999999,811,8069.45,795,7910.249999999999,835,8308.25,868,8636.599999999999
5637472,Baby,18,125.82000000000001,17,118.83,16,111.84,16,111.84,16,111.84,17,118.83
5639831,International,727,6535.7300000000005,756,6796.4400000000005,741,6661.59,741,6661.59,756,6796.4400000000005,756,6796.4400000000005
5640760,Snacks,695,6915.249999999999,695,6915.249999999999,695,6915.249999999999,674,6706.299999999999,701,6974.95,680,6765.999999999999
5681184,Refrigerated,582,6396.18,599,6583.01,599,6583.01,581,6385.1900000000005,598,6572.02,604,6637.96
5683210,Snacks,602,4207.9800000000005,614,4291.860000000001,639,4466.610000000001,639,4466.610000000001,626,4375.74,620,4333.8
5692689,Canned Goods,865,7741.749999999999,856,7661.2,865,7741.749999999999,865,7741.749999999999,839,7509.049999999999,831,7437.45
5703857,Refrigerated,25,374.75,25,374.75,26,389.74,27,404.73,26,389.74,26,389.74
5707628,Freezer,202,2777.5,212,2915,220,3025,218,2997.5,227,3121.25,234,3217.5
5730555,International,615,6119.25,621,6178.95,609,6059.549999999999,633,6298.349999999999,620,6169,626,6228.7
5746623,Refrigerated,454,454,477,477,472,472,467,467,490,490,500,500
5792201,Produce,345,6468.75,345,6468.75,335,6281.25,332,6225,339,6356.25,339,6356.25
5794480,Refrigerated,901,15271.949999999999,946,16034.699999999999,927,15712.65,908,15390.599999999999,899,15238.05,944,16000.8
5802798,Produce,940,11985,987,12584.25,977,12456.75,948,12087,939,11972.25,977,12456.75
5842223,Produce,66,33,67,33.5,68,34,67,33.5,66,33,69,34.5
5842384,Freezer,314,5020.86,308,4924.92,308,4924.92,314,5020.86,308,4924.92,305,4876.95
5845019,Dairy,516,4122.84,526,4202.74,526,4202.74,537,4290.63,558,4458.42,558,4458.42
5848962,Freezer,391,5470.09,399,5582.01,411,5749.89,432,6043.68,419,5861.81,419,5861.81
5852852,Sodas and Drinks,654,12419.46,634,12039.66,628,11925.72,647,12286.529999999999,641,12172.589999999998,628,11925.72
5865188,Sodas and Drinks,963,15889.5,934,15411,934,15411,934,15411,915,15097.5,924,15246
5876693,Refrigerated,219,2179.0499999999997,226,2248.7,235,2338.25,242,2407.8999999999996,252,2507.3999999999996,255,2537.25
5882365,Sodas and Drinks,960,10512,1008,11037.599999999999,1018,11147.099999999999,1028,11256.599999999999,1049,11486.55,1049,11486.55
5901044,Produce,95,1899.05,100,1998.9999999999998,101,2018.9899999999998,99,1979.0099999999998,104,2078.96,103,2058.97
5902837,Snacks,860,14611.399999999998,860,14611.399999999998,903,15341.97,939,15953.609999999999,958,16276.419999999998,977,16599.23
5915110,Produce,81,1133.19,79,1105.21,81,1133.19,79,1105.21,80,1119.2,78,1091.22
5922375,Dairy,20,319.8,19,303.81,19,303.81,19,303.81,18,287.82,18,287.82
5929631,Produce,445,7542.75,441,7474.95,441,7474.95,437,7407.15,459,7780.049999999999,445,7542.75
5936627,Snacks,706,1404.94,685,1363.15,664,1321.36,684,1361.16,677,1347.23,657,1307.43
5943627,Produce,527,9222.5,553,9677.5,581,10167.5,598,10465,628,10990,628,10990
5946741,Produce,457,1366.43,471,1408.2900000000002,476,1423.24,481,1438.19,476,1423.24,495,1480.0500000000002
5948799,Sodas and Drinks,439,7880.049999999999,430,7718.5,434,7790.299999999999,425,7628.75,425,7628.75,438,7862.099999999999
5960736,Baby,422,3793.78,422,3793.78,430,3865.7000000000003,452,4063.48,452,4063.48,470,4225.3
5960998,Produce,651,11711.49,631,11351.689999999999,625,11243.749999999998,613,11027.869999999999,638,11477.619999999999,651,11711.49
5962166,Canned Goods,344,6188.5599999999995,334,6008.66,324,5828.759999999999,318,5720.82,315,5666.849999999999,309,5558.91
5975968,International,54,621,57,655.5,58,667,59,678.5,61,701.5,63,724.5
5980722,Baby,649,9053.55,643,8969.85,624,8704.8,643,8969.85,662,9234.9,675,9416.25
5992350,Canned Goods,50,749.5,53,794.47,52,779.48,54,809.46,56,839.44,54,809.46
6008597,Produce,609,12636.75,615,12761.25,646,13404.5,678,14068.5,692,14359,685,14213.75
6010275,Baby,9,170.54999999999998,9,170.54999999999998,9,170.54999999999998,9,170.54999999999998,9,170.54999999999998,9,170.54999999999998
6017460,Refrigerated,232,2085.68,239,2148.61,237,2130.63,244,2193.56,246,2211.54,241,2166.59
6020318,Produce,933,16747.35,914,16406.3,905,16244.75,905,16244.75,905,16244.75,932,16729.399999999998
6029073,Snacks,713,4983.87,692,4837.08,727,5081.7300000000005,705,4927.95,705,4927.95,733,5123.67
6034244,Snacks,658,658,678,678,692,692,720,720,720,720,742,742
6047515,Dairy,435,4763.25,422,4620.9,439,4807.049999999999,443,4850.849999999999,461,5047.95,475,5201.25
6050202,Freezer,313,5305.349999999999,326,5525.7,329,5576.55,322,5457.9,316,5356.2,316,5356.2
6052074,Freezer,760,2090,790,2172.5,830,2282.5,805,2213.75,781,2147.75,789,2169.75
6070737,Snacks,563,2809.3700000000003,552,2754.48,546,2724.54,568,2834.32,551,2749.4900000000002,579,2889.21
6085085,Dairy,609,4256.91,633,4424.67,614,4291.860000000001,620,4333.8,632,4417.68,657,4592.43
6086352,Dairy,419,3347.81,411,3283.89,432,3451.6800000000003,454,3627.46,440,3515.6,427,3411.73
6090826,Freezer,832,13270.4,840,13398,832,13270.4,865,13796.75,882,14067.9,926,14769.699999999999
6136113,Refrigerated,396,7920,412,8240,400,8000,396,7920,408,8160,404,8080
6141304,Dairy,687,12331.65,687,12331.65,694,12457.3,694,12457.3,673,12080.35,660,11847
6148160,Produce,846,15651,880,16280,889,16446.5,916,16946,898,16613,943,17445.5
6179237,Refrigerated,647,10675.5,679,11203.5,693,11434.5,700,11550,721,11896.5,699,11533.5
6190046,Produce,484,6751.799999999999,489,6821.549999999999,484,6751.799999999999,489,6821.549999999999,489,6821.549999999999,504,7030.799999999999
6201011,Canned Goods,464,3224.8,478,3322.1,502,3488.9,517,3593.15,512,3558.4,527,3662.65
6205149,Sodas and Drinks,417,2898.15,413,2870.35,421,2925.9500000000003,434,3016.3,430,2988.5,417,2898.15
6222265,Sodas and Drinks,473,2833.27,497,2977.03,497,2977.03,502,3006.98,527,3156.73,538,3222.62
6257881,Freezer,32,254.4,34,270.3,35,278.25,37,294.15000000000003,38,302.1,38,302.1
6263308,Snacks,499,1871.25,484,1815,479,1796.25,489,1833.75,494,1852.5,489,1833.75
6266473,Baby,598,8073,610,8235,604,8154,628,8478,647,8734.5,660,8910
6276165,Baby,843,5892.570000000001,843,5892.570000000001,851,5948.49,825,5766.75,858,5997.42,892,6235.08
6286015,Snacks,388,3007,384,2976,392,3038,380,2945,384,2976,388,3007
6286838,Refrigerated,609,578.55,597,567.15,591,561.4499999999999,579,550.05,573,544.35,596,566.1999999999999
6289082,Produce,119,2136.0499999999997,121,2171.95,117,2100.15,119,2136.0499999999997,119,2136.0499999999997,124,2225.7999999999997
6297738,Freezer,62,465,64,480,63,472.5,62,465,61,457.5,61,457.5
6306551,Snacks,541,5680.5,541,5680.5,552,5796,558,5859,552,5796,563,5911.5
6325806,Produce,213,3514.5,217,3580.5,226,3729,231,3811.5,226,3729,233,3844.5
6335429,Dairy,810,14580,826,14868,851,15318,868,15624,859,15462,868,15624
6368704,Canned Goods,208,3640,208,3640,202,3535,212,3710,212,3710,212,3710
6386635,Sodas and Drinks,437,1092.5,437,1092.5,454,1135,454,1135,445,1112.5,454,1135
6391957,Produce,178,712,173,692,168,672,165,660,172,688,174,696
6392347,International,248,1237.52,258,1287.42,253,1262.47,248,1237.52,253,1262.47,253,1262.47
6399593,Snacks,17,186.14999999999998,17,186.14999999999998,17,186.14999999999998,18,197.1,19,208.04999999999998,19,208.04999999999998
6419678,Freezer,291,870.09,282,843.1800000000001,285,852.1500000000001,299,894.0100000000001,299,894.0100000000001,290,867.1
6422206,Produce,44,439.56,45,449.55,45,449.55,44,439.56,44,439.56,44,439.56
6426008,Produce,935,6535.650000000001,935,6535.650000000001,944,6598.56,935,6535.650000000001,982,6864.18,1031,7206.6900000000005
6450543,Produce,159,634.4100000000001,167,666.33,172,686.2800000000001,174,694.26,176,702.24,171,682.2900000000001
6458549,Produce,196,1762.04,202,1815.98,204,1833.96,202,1815.98,206,1851.94,210,1887.9
6463233,Freezer,376,4136,380,4180,376,4136,387,4257,399,4389,415,4565
6479211,Produce,539,533.61,534,528.66,539,533.61,544,538.56,549,543.51,544,538.56
6487586,International,266,1197,274,1233,274,1233,269,1210.5,280,1260,294,1323
6493425,International,351,3510,355,3550,351,3510,344,3440,358,3580,372,3720
6504784,Produce,381,5314.95,385,5370.75,381,5314.95,381,5314.95,373,5203.349999999999,380,5301
6523139,Produce,369,734.31,373,742.27,373,742.27,380,756.2,384,764.16,384,764.16
6539630,Produce,70,1452.5,70,1452.5,72,1494,75,1556.25,74,1535.5,77,1597.75
6540375,Snacks,564,5499,553,5391.75,564,5499,547,5333.25,531,5177.25,520,5070
6548967,Freezer,894,14295.06,939,15014.61,930,14870.7,921,14726.79,939,15014.61,986,15766.14
6549472,Produce,285,4842.15,276,4689.24,284,4825.16,281,4774.19,289,4910.11,295,5012.049999999999
6556112,Dairy,62,1239.3799999999999,60,1199.3999999999999,58,1159.4199999999998,59,1179.4099999999999,58,1159.4199999999998,57,1139.4299999999998
6558220,Baby,834,10800.3,876,11344.199999999999,894,11577.3,930,12043.5,977,12652.15,1026,13286.699999999999
6570961,Produce,142,568,146,584,150,600,153,612,151,604,154,616
6580345,Freezer,811,2392.4500000000003,795,2345.25,835,2463.25,852,2513.4,843,2486.8500000000004,860,2537
6585928,Snacks,858,2565.42,867,2592.3300000000004,867,2592.3300000000004,884,2643.1600000000003,902,2696.98,920,2750.8
6594517,Produce,663,9938.37,690,10343.1,704,10552.960000000001,725,10867.75,754,11302.460000000001,754,11302.460000000001
6594684,International,380,7201,380,7201,388,7352.599999999999,384,7276.799999999999,388,7352.599999999999,407,7712.65
6594747,Baby,271,539.29,276,549.24,276,549.24,279,555.21,285,567.15,276,549.24
6613061,Baby,94,89.3,97,92.14999999999999,99,94.05,101,95.94999999999999,99,94.05,97,92.14999999999999
6620954,Dairy,865,15137.5,900,15750,891,15592.5,900,15750,873,15277.5,917,16047.5
6626065,Canned Goods,570,10824.3,564,10710.359999999999,547,10387.529999999999,531,10083.689999999999,558,10596.419999999998,541,10273.589999999998
6632858,Produce,724,10823.8,746,11152.699999999999,776,11601.199999999999,760,11362,768,11481.599999999999,783,11705.849999999999
6635576,Canned Goods,418,1667.8200000000002,418,1667.8200000000002,435,1735.65,422,1683.7800000000002,426,1699.74,447,1783.5300000000002
6637559,Refrigerated,751,3567.25,751,3567.25,759,3605.25,751,3567.25,766,3638.5,804,3819
6644581,Produce,128,638.72,134,668.6600000000001,131,653.69,135,673.65,134,668.6600000000001,137,683.63
6646457,Produce,520,4134,541,4300.95,536,4261.2,536,4261.2,547,4348.650000000001,536,4261.2
6646903,Produce,608,6657.599999999999,596,6526.2,590,6460.5,614,6723.299999999999,614,6723.299999999999,596,6526.2
6651099,Produce,598,6572.02,610,6703.900000000001,598,6572.02,622,6835.78,628,6901.72,641,7044.59
6659172,Produce,778,13218.22,762,12946.38,800,13591.999999999998,840,14271.599999999999,840,14271.599999999999,848,14407.519999999999
6662019,Produce,786,15712.14,825,16491.75,817,16331.829999999998,809,16171.909999999998,825,16491.75,866,17311.34
6666714,Produce,555,7209.45,583,7573.17,612,7949.88,624,8105.76,643,8352.57,630,8183.7
6687730,Refrigerated,399,5187,387,5031,379,4927,390,5070,402,5226,394,5122
6708995,Produce,296,281.2,311,295.45,314,298.3,308,292.59999999999997,311,295.45,305,289.75
6714275,Produce,113,672.35,118,702.1,120,714,116,690.2,114,678.3000000000001,117,696.15
6743711,International,720,10072.8,742,10380.58,742,10380.58,764,10688.36,787,11010.130000000001,787,11010.130000000001
6747050,Produce,964,11327,964,11327,964,11327,964,11327,945,11103.75,973,11432.75
6765455,Produce,163,3258.37,163,3258.37,165,3298.35,160,3198.3999999999996,163,3258.37,165,3298.35
6783566,Snacks,282,1407.18,276,1377.24,290,1447.1000000000001,284,1417.16,293,1462.0700000000002,305,1521.95
6793336,Baby,398,6965,394,6895,406,7105,410,7175,398,6965,402,7035
6796562,Dairy,858,6435,858,6435,892,6690,919,6892.5,928,6960,937,7027.5
6799399,Produce,753,13516.35,730,13103.5,737,13229.15,730,13103.5,715,12834.25,751,13480.449999999999
6813480,Sodas and Drinks,230,1837.7,237,1893.63,244,1949.56,254,2029.46,254,2029.46,246,1965.54
6816098,Produce,464,7419.36,469,7499.31,469,7499.31,455,7275.45,473,7563.27,478,7643.22
6818010,Produce,311,618.89,305,606.95,311,618.89,311,618.89,308,612.92,323,642.77
6841800,Baby,99,890.01,100,899,97,872.03,97,872.03,102,916.98,104,934.96
6847032,Baby,792,1576.08,808,1607.92,848,1687.52,848,1687.52,823,1637.77,831,1653.69
6863591,Sodas and Drinks,813,14593.349999999999,829,14880.55,812,14575.4,812,14575.4,828,14862.599999999999,836,15006.199999999999
6863968,International,606,6029.7,630,6268.5,611,6079.45,611,6079.45,629,6258.549999999999,654,6507.299999999999
6873702,Freezer,105,1993.9499999999998,105,1993.9499999999998,103,1955.9699999999998,103,1955.9699999999998,100,1898.9999999999998,104,1974.9599999999998
6879456,Snacks,854,7643.299999999999,897,8028.15,906,8108.699999999999,942,8430.9,980,8771,960,8592
6881318,Produce,559,978.25,553,967.75,575,1006.25,564,987,592,1036,616,1078
6886154,Produce,259,5050.5,256,4992,251,4894.5,248,4836,250,4875,263,5128.5
6889198,Sodas and Drinks,923,1799.85,932,1817.3999999999999,923,1799.85,969,1889.55,998,1946.1,1048,2043.6
6897645,Baby,818,6503.1,834,6630.3,826,6566.7,867,6892.650000000001,902,7170.900000000001,929,7385.55
6899790,Produce,313,4065.87,316,4104.84,319,4143.81,322,4182.78,322,4182.78,319,4143.81
6900065,Produce,890,5331.1,935,5600.650000000001,963,5768.37,973,5828.27,1012,6061.88,982,5882.18
6910087,Baby,932,5126,979,5384.5,989,5439.5,1009,5549.5,1009,5549.5,1029,5659.5
6919816,Produce,409,2040.91,401,2000.99,413,2060.87,401,2000.99,413,2060.87,417,2080.83
6925576,Freezer,888,1554,924,1617,896,1568,914,1599.5,951,1664.25,961,1681.75
6945087,Produce,599,2965.05,593,2935.35,623,3083.85,617,3054.15,648,3207.6,648,3207.6
6946489,Snacks,715,9287.85,715,9287.85,722,9378.78,758,9846.42,735,9547.65,742,9638.58
6947034,Baby,749,8231.51,727,7989.7300000000005,756,8308.44,748,8220.52,778,8550.22,817,8978.83
6950725,Dairy,238,2558.5,236,2537,241,2590.75,253,2719.75,250,2687.5,253,2719.75
6974647,Freezer,540,10794.599999999999,524,10474.759999999998,550,10994.5,539,10774.609999999999,550,10994.5,545,10894.55
6975500,Produce,63,1259.37,62,1239.3799999999999,61,1219.3899999999999,59,1179.4099999999999,62,1239.3799999999999,63,1259.37
6977854,Produce,284,553.8,298,581.1,310,604.5,326,635.6999999999999,323,629.85,323,629.85
6989057,Freezer,372,2957.4,365,2901.75,358,2846.1,365,2901.75,376,2989.2000000000003,376,2989.2000000000003
7013857,Baby,920,17470.8,892,16939.079999999998,910,17280.899999999998,901,17109.989999999998,892,16939.079999999998,937,17793.629999999997
7014410,Dairy,137,1609.75,142,1668.5,149,1750.75,148,1739,148,1739,155,1821.25
7015576,Produce,562,5029.9,573,5128.349999999999,590,5280.5,614,5495.299999999999,626,5602.7,632,5656.4
7016523,Freezer,90,535.5,89,529.5500000000001,90,535.5,95,565.25,93,553.35,97,577.15
7017059,Produce,949,6643,958,6706,987,6909,1036,7252,1026,7182,1057,7399
7019774,Dairy,988,16786.12,1037,17618.629999999997,1027,17448.73,1048,17805.519999999997,1058,17975.42,1026,17431.739999999998
7024041,Baby,67,602.33,69,620.3100000000001,69,620.3100000000001,67,602.33,70,629.3000000000001,74,665.26
7033684,Dairy,283,834.85,291,858.45,297,876.1500000000001,306,902.7,309,911.5500000000001,318,938.1
7036018,International,634,2536,615,2460,633,2532,639,2556,671,2684,684,2736
7051486,Baby,650,3243.5,637,3178.63,631,3148.69,612,3053.88,636,3173.6400000000003,668,3333.32
7058569,Produce,314,2041,317,2060.5,317,2060.5,307,1995.5,316,2054,307,1995.5
7085407,Produce,311,5905.889999999999,327,6209.73,343,6513.57,340,6456.599999999999,343,6513.57,340,6456.599999999999
7090800,Freezer,582,4068.1800000000003,594,4152.06,612,4277.88,612,4277.88,630,4403.7,649,4536.51
7093213,Dairy,312,3042,312,3042,321,3129.75,311,3032.25,320,3120,310,3022.5
7100954,Dairy,588,8226.12,606,8477.94,624,8729.76,649,9079.51,643,8995.57,624,8729.76
7103466,Baby,527,1554.65,527,1554.65,553,1631.3500000000001,575,1696.25,604,1781.8000000000002,586,1728.7
7104250,Refrigerated,69,1310.31,70,1329.3,71,1348.29,69,1310.31,70,1329.3,74,1405.26
7123179,Sodas and Drinks,224,1117.76,231,1152.69,233,1162.67,226,1127.74,235,1172.65,228,1137.72
7129679,Produce,970,14540.300000000001,999,14975.01,1009,15124.91,989,14825.11,969,14525.31,998,14960.02
7159038,Baby,11,197.45,11,197.45,11,197.45,11,197.45,11,197.45,11,197.45
7159457,Baby,39,506.61,38,493.62,38,493.62,39,506.61,41,532.59,41,532.59
7178303,Sodas and Drinks,477,3315.15,491,3412.4500000000003,491,3412.4500000000003,506,3516.7000000000003,516,3586.2000000000003,501,3481.9500000000003
7181378,Snacks,922,1844,894,1788,930,1860,958,1916,948,1896,976,1952
7189308,Canned Goods,856,11975.44,882,12339.18,856,11975.44,847,11849.53,847,11849.53,855,11961.45
7190279,Canned Goods,312,932.8800000000001,309,923.9100000000001,315,941.85,309,923.9100000000001,306,914.94,303,905.97
7216658,Produce,201,2602.95,195,2525.25,189,2447.5499999999997,189,2447.5499999999997,198,2564.1,194,2512.2999999999997
7224604,Produce,964,19039,1012,19987,1052,20777,1031,20362.25,1072,21172,1040,20540
7232371,Snacks,125,1618.75,126,1631.6999999999998,132,1709.3999999999999,137,1774.1499999999999,133,1722.35,136,1761.1999999999998
7236009,Produce,832,3286.4,849,3353.55,849,3353.55,824,3254.8,849,3353.55,832,3286.4
7243503,Refrigerated,368,3676.32,375,3746.25,371,3706.29,378,3776.2200000000003,370,3696.3,366,3656.34
7244503,Refrigerated,604,1208,616,1232,616,1232,622,1244,622,1244,647,1294
7248292,Refrigerated,854,3373.3,845,3337.75,837,3306.15,829,3274.55,870,3436.5,870,3436.5
7258324,Baby,921,16531.95,903,16208.849999999999,876,15724.199999999999,920,16514,892,16011.4,919,16496.05
7258579,Produce,815,13814.25,839,14221.05,814,13797.3,822,13932.9,847,14356.65,889,15068.55
7267736,Produce,44,129.8,44,129.8,43,126.85000000000001,43,126.85000000000001,43,126.85000000000001,43,126.85000000000001
7289406,Produce,661,8586.39,681,8846.19,708,9196.92,715,9287.85,751,9755.49,728,9456.72
7298250,Snacks,127,381,123,369,127,381,123,369,128,384,134,402
7305482,Baby,237,3078.63,230,2987.7000000000003,225,2922.75,234,3039.66,227,2948.73,238,3091.62
7336955,Produce,427,4265.7300000000005,431,4305.6900000000005,418,4175.82,410,4095.9,406,4055.94,426,4255.74
7347862,Freezer,986,19710.14,1035,20689.649999999998,1035,20689.649999999998,1076,21509.239999999998,1108,22148.92,1152,23028.48
7348686,International,908,8126.599999999999,926,8287.699999999999,907,8117.65,934,8359.3,934,8359.3,925,8278.75
7375846,Refrigerated,334,2334.66,324,2264.76,340,2376.6,330,2306.7000000000003,347,2425.53,364,2544.36
7384120,Freezer,589,11750.55,577,11511.15,606,12089.699999999999,630,12568.5,649,12947.55,675,13466.25
7407674,Refrigerated,379,4544.21,379,4544.21,394,4724.06,394,4724.06,386,4628.14,394,4724.06
7415025,Baby,543,8552.25,570,8977.5,581,9150.75,569,8961.75,563,8867.25,546,8599.5
7418148,Produce,97,1256.1499999999999,98,1269.1,103,1333.85,108,1398.6,112,1450.3999999999999,111,1437.4499999999998
7419341,Sodas and Drinks,139,971.61,143,999.57,146,1020.5400000000001,143,999.57,147,1027.53,143,999.57
7454896,Produce,574,3874.5,574,3874.5,603,4070.25,597,4029.75,603,4070.25,627,4232.25
7474100,Produce,679,12222,665,11970,698,12564,733,13194,718,12924,696,12528
7503372,Sodas and Drinks,10,19.9,10,19.9,10,19.9,10,19.9,10,19.9,10,19.9
7505141,Snacks,10,29.900000000000002,10,29.900000000000002,10,29.900000000000002,10,29.900000000000002,10,29.900000000000002,10,29.900000000000002
7509930,Refrigerated,444,3103.56,448,3131.52,448,3131.52,461,3222.39,470,3285.3,489,3418.11
7531999,Produce,421,6714.95,434,6922.299999999999,443,7065.849999999999,447,7129.65,451,7193.45,474,7560.299999999999
7553180,Produce,856,3210,882,3307.5,856,3210,890,3337.5,872,3270,863,3236.25
7555886,Baby,244,1939.8,237,1884.15,235,1868.25,244,1939.8,237,1884.15,249,1979.55
7560318,Dairy,48,671.52,49,685.51,49,685.51,51,713.49,54,755.46,56,783.44
7564925,Dairy,498,5971.02,513,6150.87,498,5971.02,523,6270.77,539,6462.61,539,6462.61
7615162,Snacks,879,7867.049999999999,879,7867.049999999999,888,7947.599999999999,870,7786.499999999999,870,7786.499999999999,896,8019.199999999999
7628257,Baby,556,9980.199999999999,578,10375.1,566,10159.699999999999,555,9962.25,549,9854.55,538,9657.1
7631954,Freezer,673,1177.75,693,1212.75,728,1274,743,1300.25,780,1365,780,1365
7649742,Snacks,934,10274,915,10065,942,10362,914,10054,960,10560,979,10769
7650282,Snacks,936,3510,936,3510,917,3438.75,945,3543.75,954,3577.5,944,3540
7654499,Produce,271,5146.29,266,5051.339999999999,266,5051.339999999999,271,5146.29,279,5298.209999999999,285,5412.15
7682525,Canned Goods,708,10612.92,708,10612.92,736,11032.64,736,11032.64,765,11467.35,750,11242.5
7685688,Canned Goods,304,1672,310,1705,301,1655.5,304,1672,295,1622.5,289,1589.5
7686799,Sodas and Drinks,614,3653.3,626,3724.7000000000003,620,3689,639,3802.05,645,3837.75,645,3837.75
7689024,Sodas and Drinks,157,940.4300000000001,165,988.35,162,970.38,164,982.36,169,1012.3100000000001,164,982.36
7693416,Dairy,281,4200.95,278,4156.099999999999,286,4275.7,277,4141.15,285,4260.75,282,4215.9
7709611,Baby,148,1028.6000000000001,147,1021.65,154,1070.3,154,1070.3,151,1049.45,153,1063.3500000000001
7710250,Produce,243,4374,245,4410,255,4590,265,4770,273,4914,287,5166
7718532,Dairy,289,5202,283,5094,286,5148,280,5040,277,4986,274,4932
7718609,Dairy,958,14360.42,929,13925.710000000001,929,13925.710000000001,920,13790.800000000001,938,14060.62,966,14480.34
7722751,Snacks,661,5942.39,694,6239.06,687,6176.13,680,6113.2,694,6239.06,680,6113.2
7730994,Canned Goods,39,545.61,40,559.6,39,545.61,41,573.59,43,601.57,45,629.55
7731295,Canned Goods,506,4528.7,516,4618.2,542,4850.9,553,4949.349999999999,559,5003.049999999999,559,5003.049999999999
7731809,Refrigerated,727,11268.5,720,11160,749,11609.5,749,11609.5,764,11842,756,11718
7746896,Produce,737,10870.75,737,10870.75,722,10649.5,751,11077.25,774,11416.5,766,11298.5
7758290,Dairy,652,6194,672,6384,699,6640.5,699,6640.5,727,6906.5,742,7049
7760599,Produce,475,5695.25,489,5863.11,474,5683.26,465,5575.35,484,5803.16,489,5863.11
7775458,Produce,901,12568.949999999999,946,13196.699999999999,937,13071.15,909,12680.55,882,12303.9,882,12303.9
7778717,Snacks,161,1447.39,169,1519.31,171,1537.29,176,1582.24,171,1537.29,178,1600.22
7780373,Produce,422,7152.9,443,7508.849999999999,439,7441.049999999999,461,7813.95,479,8119.049999999999,469,7949.549999999999
7792179,International,793,6344,777,6216,761,6088,776,6208,760,6080,752,6016
7811202,Canned Goods,774,7740,782,7820,805,8050,789,7890,821,8210,846,8460
7816200,Refrigerated,615,12146.25,646,12758.5,665,13133.75,692,13667,699,13805.25,706,13943.5
7824959,Refrigerated,289,286.11,280,277.2,277,274.23,271,268.29,282,279.18,290,287.1
7845295,Sodas and Drinks,337,4714.63,337,4714.63,350,4896.5,343,4798.57,353,4938.47,367,5134.33
7849173,Canned Goods,345,5861.549999999999,348,5912.5199999999995,348,5912.5199999999995,351,5963.49,340,5776.599999999999,333,5657.669999999999
7864067,Produce,614,10431.859999999999,639,10856.609999999999,671,11400.289999999999,651,11060.49,638,10839.619999999999,664,11281.359999999999
7865259,Produce,149,1041.51,153,1069.47,159,1111.41,154,1076.46,160,1118.4,155,1083.45
7880591,Produce,244,3901.56,246,3933.54,248,3965.52,241,3853.59,253,4045.4700000000003,250,3997.5
7891829,Refrigerated,317,3471.1499999999996,333,3646.35,346,3788.7,363,3974.85,367,4018.6499999999996,382,4182.9
7895117,Dairy,467,8868.33,476,9039.24,490,9305.099999999999,510,9684.9,505,9589.949999999999,530,10064.699999999999
7900319,Snacks,827,14050.73,810,13761.9,842,14305.579999999998,884,15019.159999999998,857,14560.429999999998,883,15002.169999999998
7916097,Canned Goods,755,15062.25,732,14603.4,725,14463.75,718,14324.1,754,15042.3,784,15640.8
7916635,Produce,280,3357.2000000000003,288,3453.12,291,3489.09,294,3525.06,288,3453.12,288,3453.12
7933385,Baby,112,890.4,110,874.5,116,922.2,118,938.1,117,930.15,123,977.85
7935793,Baby,505,8579.949999999999,510,8664.9,536,9106.64,531,9021.689999999999,542,9208.58,531,9021.689999999999
7938570,Produce,77,538.23,78,545.22,80,559.2,82,573.1800000000001,80,559.2,82,573.1800000000001
7938864,Refrigerated,879,835.05,861,817.9499999999999,870,826.5,914,868.3,887,842.65,887,842.65
7948322,International,32,312,32,312,31,302.25,32,312,33,321.75,34,331.5
7951038,Canned Goods,122,2067.9,121,2050.95,127,2152.65,126,2135.7,122,2067.9,123,2084.85
7962054,Baby,615,1845,615,1845,646,1938,646,1938,659,1977,639,1917
7964118,Produce,49,379.75,49,379.75,49,379.75,51,395.25,52,403,52,403
7968731,Freezer,510,3544.5,505,3509.75,520,3614,515,3579.25,525,3648.75,530,3683.5
7969096,Dairy,514,8218.86,524,8378.76,540,8634.6,551,8810.49,568,9082.32,591,9450.09
7983283,Sodas and Drinks,993,9433.5,973,9243.5,944,8968,963,9148.5,1002,9519,1052,9994
7993052,Dairy,514,4620.86,514,4620.86,524,4710.76,508,4566.92,498,4477.02,503,4521.97
8000519,Dairy,328,311.59999999999997,325,308.75,328,311.59999999999997,331,314.45,324,307.8,330,313.5
8012975,Dairy,933,923.67,933,923.67,933,923.67,980,970.2,1009,998.91,1039,1028.61
8015796,Produce,782,13098.5,813,13617.75,854,14304.5,845,14153.75,879,14723.25,897,15024.75
8019724,Sodas and Drinks,284,0,295,0,295,0,292,0,298,0,295,0
8036717,International,889,5111.75,871,5008.25,845,4858.75,845,4858.75,845,4858.75,870,5002.5
8038561,Freezer,418,4493.5,435,4676.25,444,4773,453,4869.75,471,5063.25,490,5267.5
8040909,Dairy,382,5710.9,382,5710.9,386,5770.7,374,5591.3,393,5875.349999999999,397,5935.15
8042453,Produce,441,1318.5900000000001,454,1357.46,440,1315.6000000000001,458,1369.42,458,1369.42,481,1438.19
8048265,Refrigerated,224,112,220,110,229,114.5,224,112,228,114,226,113
8049256,Refrigerated,436,6431,432,6372,436,6431,427,6298.25,431,6357.25,453,6681.75
8049845,Dairy,242,3751,244,3782,242,3751,242,3751,235,3642.5,228,3534
8052263,International,797,11556.5,813,11788.5,821,11904.5,862,12499,896,12992,941,13644.5
8054068,Canned Goods,96,1147.1999999999998,98,1171.1,100,1195,103,1230.85,104,1242.8,109,1302.55
8062521,Produce,159,3013.0499999999997,167,3164.65,172,3259.4,179,3392.0499999999997,184,3486.7999999999997,188,3562.6
8073681,Snacks,152,114,158,118.5,164,123,167,125.25,164,123,166,124.5
8082511,Dairy,356,4610.2,352,4558.4,341,4415.95,341,4415.95,331,4286.45,348,4506.599999999999
8082802,Snacks,763,6096.37,794,6344.06,802,6407.9800000000005,834,6663.66,867,6927.33,910,7270.900000000001
8113411,International,997,4975.030000000001,987,4925.13,1036,5169.64,1005,5014.95,1045,5214.55,1045,5214.55
8116171,Produce,222,3549.78,226,3613.7400000000002,233,3725.67,240,3837.6,235,3757.65,247,3949.53
8127889,Dairy,474,4740,488,4880,488,4880,498,4980,488,4880,493,4930
8146276,Produce,65,649.35,68,679.32,71,709.29,70,699.3000000000001,72,719.28,71,709.29
8158364,Freezer,255,4067.25,247,3939.6499999999996,242,3859.8999999999996,247,3939.6499999999996,249,3971.5499999999997,256,4083.2
8176110,Produce,322,1271.9,338,1335.1000000000001,341,1346.95,338,1335.1000000000001,338,1335.1000000000001,348,1374.6000000000001
8182035,Canned Goods,81,1210.95,83,1240.85,87,1300.6499999999999,85,1270.75,83,1240.85,81,1210.95
8192062,Produce,497,2485,487,2435,506,2530,511,2555,496,2480,516,2580
8207163,Snacks,904,3164,931,3258.5,912,3192,885,3097.5,894,3129,894,3129
8218751,Baby,667,6670,687,6870,673,6730,673,6730,680,6800,660,6600
8226588,Produce,693,4123.35,700,4165,700,4165,686,4081.7000000000003,693,4123.35,714,4248.3
8237668,Dairy,121,845.7900000000001,120,838.8000000000001,119,831.8100000000001,117,817.83,119,831.8100000000001,123,859.77
8253993,Produce,910,6825,883,6622.5,918,6885,955,7162.5,945,7087.5,926,6945
8272524,Baby,741,5890.95,763,6065.85,778,6185.1,755,6002.25,785,6240.75,824,6550.8
8274916,Sodas and Drinks,985,17680.75,1024,18380.8,1065,19116.75,1118,20068.1,1096,19673.2,1140,20463
8276962,Snacks,391,5083,391,5083,391,5083,383,4979,379,4927,387,5031
8289882,Refrigerated,874,12227.26,848,11863.52,831,11625.69,873,12213.27,882,12339.18,926,12954.74
8290141,Produce,87,956.13,85,934.15,85,934.15,85,934.15,86,945.14,83,912.1700000000001
8300517,International,328,3263.6,331,3293.45,321,3193.95,318,3164.1,324,3223.7999999999997,340,3382.9999999999995
8302469,Produce,47,458.25,48,468,49,477.75,50,487.5,50,487.5,49,477.75
8311299,International,387,1544.13,387,1544.13,402,1603.98,422,1683.7800000000002,443,1767.5700000000002,443,1767.5700000000002
8325530,Produce,983,9820.17,1003,10019.97,993,9920.07,983,9820.17,963,9620.37,982,9810.18
8347392,International,742,8866.9,749,8950.55,779,9309.05,802,9583.9,778,9297.099999999999,809,9667.55
8357814,International,645,11577.75,632,11344.4,664,11918.8,644,11559.8,638,11452.1,664,11918.8
8365999,Sodas and Drinks,814,7317.860000000001,847,7614.53,839,7542.610000000001,873,7848.27,917,8243.83,963,8657.37
8394383,Freezer,515,3862.5,505,3787.5,500,3750,505,3787.5,490,3675,515,3862.5
8399688,Snacks,741,2037.75,756,2079,794,2183.5,786,2161.5,825,2268.75,850,2337.5
8403060,Sodas and Drinks,318,6344.099999999999,334,6663.3,327,6523.65,327,6523.65,330,6583.5,347,6922.65
8408791,Snacks,82,1393.1799999999998,83,1410.1699999999998,87,1478.1299999999999,84,1427.1599999999999,83,1410.1699999999998,81,1376.1899999999998
8410674,Produce,269,255.54999999999998,282,267.9,276,262.2,284,269.8,278,264.09999999999997,289,274.55
8422966,Dairy,934,15644.5,915,15326.25,924,15477,896,15008,905,15158.75,914,15309.5
8437176,Produce,563,3912.85,546,3794.7000000000003,562,3905.9,556,3864.2000000000003,562,3905.9,562,3905.9
8447917,Dairy,270,537.3,278,553.22,289,575.11,301,598.99,304,604.96,313,622.87
8461765,Produce,599,11950.05,605,12069.75,623,12428.85,629,12548.55,610,12169.5,622,12408.9
8470171,International,985,12312.5,985,12312.5,975,12187.5,946,11825,993,12412.5,1043,13037.5
8488884,Canned Goods,721,7750.75,750,8062.5,788,8471,820,8815,845,9083.75,879,9449.25
8489918,Freezer,93,1297.35,93,1297.35,97,1353.1499999999999,95,1325.25,98,1367.1,101,1408.9499999999998
8491262,Produce,842,13051,825,12787.5,858,13299,832,12896,815,12632.5,839,13004.5
8499798,Refrigerated,159,310.05,162,315.9,162,315.9,168,327.59999999999997,163,317.84999999999997,161,313.95
8503403,Canned Goods,589,11774.109999999999,589,11774.109999999999,618,12353.82,649,12973.509999999998,649,12973.509999999998,655,13093.449999999999
8506848,Refrigerated,71,1277.29,73,1313.27,72,1295.28,75,1349.2499999999998,74,1331.26,72,1295.28
8506926,International,412,7725,400,7500,396,7425,392,7350,388,7275,407,7631.25
8508234,Canned Goods,855,4266.45,881,4396.1900000000005,890,4441.1,899,4486.01,881,4396.1900000000005,881,4396.1900000000005
8510019,Sodas and Drinks,475,9500,466,9320,485,9700,485,9700,485,9700,470,9400
8517811,Dairy,590,2354.1,578,2306.2200000000003,566,2258.34,589,2350.11,589,2350.11,577,2302.23
8551490,Produce,834,2493.6600000000003,867,2592.3300000000004,841,2514.59,833,2490.67,866,2589.34,840,2511.6000000000004
8558527,Baby,627,1849.65,627,1849.65,640,1888,672,1982.4,692,2041.4,706,2082.7000000000003
8580913,Canned Goods,181,1719.5,185,1757.5,191,1814.5,201,1909.5,195,1852.5,195,1852.5
8581919,Produce,985,6402.5,1015,6597.5,1005,6532.5,1055,6857.5,1108,7202,1108,7202
8604306,Refrigerated,702,2070.9,702,2070.9,681,2008.95,695,2050.25,730,2153.5,715,2109.25
8621309,Baby,29,289.71,30,299.7,32,319.68,33,329.67,32,319.68,31,309.69
8627065,Refrigerated,844,2489.8,836,2466.2000000000003,853,2516.3500000000004,896,2643.2000000000003,923,2722.8500000000004,951,2805.4500000000003
8639723,Dairy,579,3908.25,596,4023,596,4023,596,4023,608,4104,596,4023
8645385,Sodas and Drinks,713,8548.87,720,8632.8,742,8896.58,779,9340.210000000001,802,9615.98,802,9615.98
8675817,Produce,962,13458.380000000001,1000,13990,1010,14129.9,1050,14689.5,1019,14255.81,1070,14969.300000000001
8683925,Produce,297,5865.75,288,5688,279,5510.25,285,5628.75,288,5688,282,5569.5
8684480,Snacks,636,6989.64,649,7132.51,649,7132.51,675,7418.25,662,7275.38,662,7275.38
8695074,Dairy,185,1655.7499999999998,183,1637.85,178,1593.1,183,1637.85,185,1655.7499999999998,185,1655.7499999999998
8700059,Baby,441,3064.9500000000003,441,3064.9500000000003,441,3064.9500000000003,450,3127.5,441,3064.9500000000003,445,3092.75
8708602,Canned Goods,834,2460.3,842,2483.9,834,2460.3,859,2534.05,868,2560.6000000000004,911,2687.4500000000003
8709098,Snacks,390,1166.1000000000001,406,1213.94,422,1261.7800000000002,422,1261.7800000000002,414,1237.8600000000001,414,1237.8600000000001
8713261,Snacks,596,3546.2000000000003,596,3546.2000000000003,578,3439.1,584,3474.8,607,3611.65,625,3718.75
8724001,Baby,970,3831.5,999,3946.05,1039,4104.05,1070,4226.5,1070,4226.5,1081,4269.95
8786061,Freezer,736,13616,743,13745.5,743,13745.5,728,13468,764,14134,802,14837
8807913,Sodas and Drinks,453,4303.5,476,4522,495,4702.5,495,4702.5,515,4892.5,510,4845
8813757,Sodas and Drinks,762,11430,747,11205,784,11760,760,11400,752,11280,737,11055
8817102,Freezer,333,5577.75,323,5410.25,329,5510.75,332,5561,322,5393.5,319,5343.25
8831330,Freezer,188,2810.6,196,2930.2,190,2840.5,184,2750.7999999999997,180,2691,180,2691
8854449,Baby,82,1389.8999999999999,84,1423.8,84,1423.8,82,1389.8999999999999,84,1423.8,82,1389.8999999999999
8858352,International,208,3733.6,218,3913.1,222,3984.8999999999996,215,3859.25,226,4056.7,224,4020.7999999999997
8887773,Snacks,757,8319.43,757,8319.43,742,8154.58,779,8561.210000000001,810,8901.9,794,8726.06
8891178,Produce,799,7183.01,823,7398.77,864,7767.360000000001,838,7533.62,855,7686.45,872,7839.28
8892430,Refrigerated,1,1.5,1,1.5,1,1.5,1,1.5,1,1.5,1,1.5
8901345,Canned Goods,639,11821.5,671,12413.5,651,12043.5,677,12524.5,657,12154.5,683,12635.5
8910087,Sodas and Drinks,46,549.6999999999999,48,573.5999999999999,48,573.5999999999999,49,585.55,48,573.5999999999999,48,573.5999999999999
8936820,Produce,358,4292.42,372,4460.28,383,4592.17,391,4688.09,395,4736.05,395,4736.05
8947946,Sodas and Drinks,95,565.25,99,589.0500000000001,97,577.15,96,571.2,97,577.15,101,600.95
8952586,Dairy,183,869.25,185,878.75,187,888.25,196,931,206,978.5,204,969
8954222,International,631,11326.449999999999,618,11093.1,612,10985.4,606,10877.699999999999,588,10554.6,606,10877.699999999999
8956494,Baby,736,12512,736,12512,773,13141,804,13668,836,14212,836,14212
8957322,Snacks,16,15.2,16,15.2,17,16.15,17,16.15,17,16.15,17,16.15
8957871,Baby,127,2152.65,128,2169.6,129,2186.5499999999997,126,2135.7,122,2067.9,124,2101.7999999999997
8965327,Produce,259,906.5,251,878.5,261,913.5,271,948.5,271,948.5,268,938
8969094,Produce,576,1008,564,987,592,1036,616,1078,622,1088.5,603,1055.25
8981648,Produce,831,11592.449999999999,839,11704.05,856,11941.199999999999,847,11815.65,847,11815.65,822,11466.9
8984681,Baby,176,2807.2,180,2871,189,3014.5499999999997,193,3078.35,191,3046.45,185,2950.75
9003129,Sodas and Drinks,224,1565.76,220,1537.8,231,1614.69,229,1600.71,234,1635.66,239,1670.6100000000001
9005527,Produce,866,14289,849,14008.5,832,13728,815,13447.5,839,13843.5,856,14124
9016855,Baby,538,1070.62,538,1070.62,549,1092.51,554,1102.46,537,1068.6299999999999,532,1058.68
9040051,Produce,701,3497.9900000000002,680,3393.2000000000003,673,3358.27,660,3293.4,680,3393.2000000000003,694,3463.06
9043461,Baby,226,2655.5,224,2632,228,2679,221,2596.75,225,2643.75,236,2773
9055505,Canned Goods,658,1941.1000000000001,645,1902.7500000000002,639,1885.0500000000002,658,1941.1000000000001,651,1920.45,671,1979.45
9057585,Freezer,62,480.5,61,472.75,59,457.25,60,465,63,488.25,62,480.5
9077431,Produce,567,2268,573,2292,562,2248,568,2272,568,2272,551,2204
9082323,Canned Goods,68,880.5999999999999,70,906.5,74,958.3,76,984.1999999999999,74,958.3,77,997.15
9083677,Dairy,711,6391.89,747,6715.53,777,6985.2300000000005,777,6985.2300000000005,785,7057.150000000001,801,7200.99
9086823,Canned Goods,211,2318.89,219,2406.81,215,2362.85,221,2428.79,225,2472.75,218,2395.82
9089493,Freezer,39,466.04999999999995,39,466.04999999999995,39,466.04999999999995,39,466.04999999999995,40,478,40,478
9118851,Canned Goods,63,878.8499999999999,64,892.8,63,878.8499999999999,62,864.9,62,864.9,63,878.8499999999999
9121412,Produce,329,1641.71,332,1656.68,342,1706.5800000000002,339,1691.6100000000001,353,1761.47,346,1726.54
9134736,Produce,878,8560.5,887,8648.25,878,8560.5,922,8989.5,913,8901.75,931,9077.25
9145769,Baby,925,6428.75,971,6748.45,1020,7089,1040,7228,1092,7589.400000000001,1092,7589.400000000001
9161184,Baby,807,16131.929999999998,799,15972.009999999998,807,16131.929999999998,783,15652.169999999998,814,16271.859999999999,855,17091.449999999997
9162408,Snacks,628,3761.7200000000003,615,3683.85,615,3683.85,640,3833.6000000000004,672,4025.28,659,3947.4100000000003
9165143,Canned Goods,702,694.98,695,688.05,681,674.1899999999999,708,700.92,687,680.13,694,687.06
9167682,Produce,723,9391.77,709,9209.91,737,9573.630000000001,730,9482.7,745,9677.55,730,9482.7
9175296,Canned Goods,883,14083.849999999999,918,14642.099999999999,909,14498.55,900,14355,873,13924.349999999999,847,13509.65
9186505,Produce,282,2535.18,288,2589.12,300,2697,312,2804.88,328,2948.7200000000003,331,2975.69
9193969,Produce,163,1711.5,165,1732.5,167,1753.5,174,1827,169,1774.5,167,1753.5
9202845,International,173,517.27,178,532.22,180,538.2,180,538.2,175,523.25,180,538.2
9251958,Refrigerated,291,436.5,282,423,285,427.5,294,441,285,427.5,291,436.5
9256829,Produce,682,8149.9,709,8472.55,702,8388.9,716,8556.199999999999,709,8472.55,730,8723.5
9257605,Canned Goods,381,3714.75,373,3636.75,362,3529.5,351,3422.25,351,3422.25,365,3558.75
9266722,Baby,345,5861.549999999999,359,6099.41,355,6031.45,344,5844.5599999999995,354,6014.459999999999,365,6201.349999999999
9281868,International,63,1197,63,1197,64,1216,66,1254,67,1273,70,1330
9290825,Produce,210,3559.5,206,3491.7,208,3525.6,210,3559.5,221,3745.95,230,3898.5
9308506,Dairy,128,121.6,128,121.6,129,122.55,129,122.55,135,128.25,131,124.44999999999999
9318160,Refrigerated,245,4897.549999999999,240,4797.599999999999,250,4997.5,260,5197.4,252,5037.48,247,4937.53
9329625,Produce,821,2421.9500000000003,805,2374.75,829,2445.55,837,2469.15,845,2492.75,853,2516.3500000000004
9333415,Sodas and Drinks,937,18730.629999999997,928,18550.719999999998,965,19290.35,975,19490.25,1024,20469.76,993,19850.07
9337971,Dairy,328,5822,344,6106,347,6159.25,340,6035,340,6035,337,5981.75
9339592,Sodas and Drinks,873,829.3499999999999,847,804.65,881,836.9499999999999,907,861.65,880,836,854,811.3
9358085,Dairy,425,845.75,434,863.66,434,863.66,451,897.49,474,943.26,465,925.35
9362680,Produce,28,195.72,29,202.71,29,202.71,28,195.72,28,195.72,28,195.72
9370577,Canned Goods,971,18400.45,971,18400.45,952,18040.399999999998,933,17680.35,933,17680.35,961,18210.95
9381364,Baby,767,7662.33,790,7892.1,774,7732.26,774,7732.26,789,7882.110000000001,781,7802.1900000000005
9390570,Canned Goods,439,417.04999999999995,426,404.7,422,400.9,418,397.09999999999997,414,393.29999999999995,410,389.5
9405835,Dairy,420,4195.8,420,4195.8,441,4405.59,454,4535.46,459,4585.41,473,4725.27
9409002,Refrigerated,332,4312.68,329,4273.71,332,4312.68,342,4442.58,349,4533.51,339,4403.61
9445298,Produce,707,14104.65,728,14523.6,757,15102.15,757,15102.15,765,15261.75,788,15720.599999999999
9451555,Snacks,250,1497.5,243,1455.5700000000002,248,1485.52,255,1527.45,265,1587.3500000000001,276,1653.24
9478209,International,77,384.23,80,399.20000000000005,78,389.22,82,409.18,81,404.19,81,404.19
9484866,Dairy,37,332.63,37,332.63,39,350.61,38,341.62,37,332.63,36,323.64
9495034,Refrigerated,219,3720.8099999999995,226,3839.74,219,3720.8099999999995,221,3754.7899999999995,217,3686.8299999999995,213,3618.87
9501418,Freezer,237,945.63,239,953.61,232,925.6800000000001,244,973.5600000000001,246,981.5400000000001,239,953.61
9505060,International,979,12717.210000000001,969,12587.31,950,12340.5,922,11976.78,968,12574.32,987,12821.130000000001
9507536,Freezer,955,4765.45,945,4715.55,945,4715.55,983,4905.17,1012,5049.88,1063,5304.37
9536900,Baby,988,8892,958,8622,939,8451,911,8199,938,8442,966,8694
9538803,Sodas and Drinks,228,1821.72,223,1781.77,230,1837.7,237,1893.63,230,1837.7,239,1909.6100000000001
9540699,Freezer,498,5473.02,508,5582.92,498,5473.02,523,5747.77,513,5637.87,528,5802.72
9541383,Baby,772,8453.4,772,8453.4,795,8705.25,835,9143.25,835,9143.25,843,9230.849999999999
9578219,Freezer,283,3381.85,291,3477.45,300,3585,312,3728.3999999999996,324,3871.7999999999997,314,3752.2999999999997
9581390,Canned Goods,121,482.79,122,486.78000000000003,127,506.73,131,522.69,130,518.7,137,546.63
9608296,Produce,248,2418,260,2535,265,2583.75,276,2691,290,2827.5,305,2973.75
9609672,Snacks,924,4610.76,906,4520.9400000000005,879,4386.21,870,4341.3,887,4426.13,878,4381.22
9616914,Dairy,63,1291.5,66,1353,66,1353,67,1373.5,69,1414.5,70,1435
9621137,Baby,664,1321.36,657,1307.43,650,1293.5,631,1255.69,656,1305.44,689,1371.11
9631296,Produce,962,7455.5,972,7533,953,7385.75,934,7238.5,953,7385.75,943,7308.25
9637513,Canned Goods,46,505.54,47,516.53,49,538.51,50,549.5,50,549.5,51,560.49
9647471,Canned Goods,441,3946.95,454,4063.2999999999997,454,4063.2999999999997,477,4269.15,467,4179.65,462,4134.9
9650542,Sodas and Drinks,707,5620.650000000001,686,5453.7,713,5668.35,699,5557.05,685,5445.75,678,5390.1
9662132,Sodas and Drinks,413,3696.35,413,3696.35,401,3588.95,393,3517.35,405,3624.7499999999995,405,3624.7499999999995
9682567,Snacks,163,487.37000000000006,171,511.29,171,511.29,174,520.26,169,505.31000000000006,174,520.26
9710552,Produce,692,4837.08,727,5081.7300000000005,712,4976.88,712,4976.88,726,5074.74,719,5025.81
9719538,Produce,708,1416,722,1444,729,1458,714,1428,750,1500,743,1486
9732011,Produce,551,2749.4900000000002,534,2664.6600000000003,539,2689.61,544,2714.56,539,2689.61,528,2634.7200000000003
9732674,Refrigerated,129,999.75,132,1023,136,1054,139,1077.25,136,1054,137,1061.75
9746592,Snacks,255,3952.5,260,4030,260,4030,252,3906,262,4061,262,4061
9749890,Snacks,999,12937.05,969,12548.55,1017,13170.15,1048,13571.599999999999,1069,13843.55,1101,14257.949999999999
9761977,Canned Goods,497,2460.15,507,2509.65,532,2633.4,537,2658.15,553,2737.35,575,2846.25
9764300,Produce,356,5322.2,370,5531.5,370,5531.5,385,5755.75,404,6039.799999999999,400,5980
9775037,International,390,7410,382,7258,390,7410,406,7714,426,8094,426,8094
9799996,Produce,247,864.5,259,906.5,269,941.5,282,987,285,997.5,288,1008
9810137,Freezer,926,15732.739999999998,963,16361.369999999999,1002,17023.98,1052,17873.48,1031,17516.69,1062,18043.379999999997
9813937,Refrigerated,309,2159.91,324,2264.76,318,2222.82,331,2313.69,321,2243.79,318,2222.82
9818207,International,772,4593.400000000001,749,4456.55,749,4456.55,771,4587.45,748,4450.6,785,4670.75
9830278,International,550,7694.5,539,7540.61,550,7694.5,561,7848.39,567,7932.33,590,8254.1
9837076,International,428,8453,419,8275.25,436,8611,449,8867.75,440,8690,458,9045.5
9842931,International,377,6767.15,373,6695.349999999999,373,6695.349999999999,388,6964.599999999999,396,7108.2,416,7467.2
9851018,Baby,390,4270.5,386,4226.7,405,4434.75,405,4434.75,425,4653.75,412,4511.4
9851321,Dairy,498,9462,523,9937,518,9842,513,9747,518,9842,508,9652
9852835,Sodas and Drinks,734,10276,756,10584,756,10584,786,11004,786,11004,770,10780
9854274,Refrigerated,953,8567.47,924,8306.76,952,8558.48,990,8900.1,1010,9079.9,1050,9439.5
9855297,Produce,582,9748.5,594,9949.5,576,9648,588,9849,570,9547.5,593,9932.75
9859967,Snacks,1000,3950,1000,3950,1040,4108,1009,3985.55,1029,4064.55,1019,4025.05
9866766,Refrigerated,590,10590.5,572,10267.4,566,10159.699999999999,566,10159.699999999999,572,10267.4,572,10267.4
9872666,Dairy,748,14025,733,13743.75,711,13331.25,747,14006.25,777,14568.75,761,14268.75
9873528,Produce,717,7162.83,703,7022.97,710,7092.900000000001,689,6883.110000000001,689,6883.110000000001,696,6953.04
9881702,Sodas and Drinks,814,13838,790,13430,798,13566,814,13838,814,13838,790,13430
9906807,Produce,495,5440.05,485,5330.150000000001,470,5165.3,484,5319.16,503,5527.97,523,5747.77
9935094,Snacks,102,504.90000000000003,107,529.65,105,519.75,102,504.90000000000003,105,519.75,102,504.90000000000003
9942647,Snacks,830,10748.5,863,11175.849999999999,880,11396,854,11059.3,828,10722.599999999999,836,10826.199999999999
9946163,Baby,988,19760,1037,20740,1037,20740,1016,20320,1057,21140,1078,21560
9961268,Sodas and Drinks,565,3813.75,593,4002.75,599,4043.25,599,4043.25,629,4245.75,635,4286.25
9962491,Sodas and Drinks,22,196.89999999999998,22,196.89999999999998,23,205.85,23,205.85,23,205.85,23,205.85
9967456,Refrigerated,286,2845.7,280,2786,291,2895.45,303,3014.85,294,2925.2999999999997,306,3044.7
9967647,Produce,215,3222.85,217,3252.83,221,3312.79,223,3342.77,223,3342.77,221,3312.79
9987375,Produce,844,5908,886,6202,877,6139,895,6265,877,6139,921,6447